#
# There is insufficient memory for the Java Runtime Environment to continue.
# Native memory allocation (malloc) failed to allocate 1054784 bytes. Error detail: Chunk::new
# Possible reasons:
#   The system is out of physical RAM or swap space
#   This process is running with CompressedOops enabled, and the Java Heap may be blocking the growth of the native heap
# Possible solutions:
#   Reduce memory load on the system
#   Increase physical memory or swap space
#   Check if swap backing store is full
#   Decrease Java heap size (-Xmx/-Xms)
#   Decrease number of Java threads
#   Decrease Java thread stack sizes (-Xss)
#   Set larger code cache with -XX:ReservedCodeCacheSize=
#   JVM is running with Zero Based Compressed Oops mode in which the Java heap is
#     placed in the first 32GB address space. The Java Heap base address is the
#     maximum limit for the native heap growth. Please use -XX:HeapBaseMinAddress
#     to set the Java Heap base and to place the Java Heap above 32GB virtual address.
# This output file may be truncated or incomplete.
#
#  Out of Memory Error (arena.cpp:168), pid=12056, tid=14096
#
# JRE version: OpenJDK Runtime Environment (Red_Hat-21.0.4.0+7-1) (21.0.4+7) (build 21.0.4+7-LTS)
# Java VM: OpenJDK 64-Bit Server VM (Red_Hat-21.0.4.0+7-1) (21.0.4+7-LTS, mixed mode, sharing, tiered, compressed oops, compressed class ptrs, g1 gc, windows-amd64)
# No core dump will be written. Minidumps are not enabled by default on client versions of Windows
#

---------------  S U M M A R Y ------------

Command Line: --add-opens=java.base/java.lang=ALL-UNNAMED --add-opens=java.base/java.lang.invoke=ALL-UNNAMED --add-opens=java.base/java.util=ALL-UNNAMED --add-opens=java.prefs/java.util.prefs=ALL-UNNAMED --add-exports=jdk.compiler/com.sun.tools.javac.api=ALL-UNNAMED --add-exports=jdk.compiler/com.sun.tools.javac.util=ALL-UNNAMED --add-opens=java.base/java.util=ALL-UNNAMED --add-opens=java.prefs/java.util.prefs=ALL-UNNAMED --add-opens=java.base/java.nio.charset=ALL-UNNAMED --add-opens=java.base/java.net=ALL-UNNAMED --add-opens=java.base/java.util.concurrent.atomic=ALL-UNNAMED --add-opens=java.xml/javax.xml.namespace=ALL-UNNAMED -XX:MaxMetaspaceSize=512m -XX:ReservedCodeCacheSize=512m -XX:+HeapDumpOnOutOfMemoryError -XX:HeapBaseMinAddress=0x100000000 -Xmx1024m -Dfile.encoding=UTF-8 -Duser.country=US -Duser.language=en -Duser.variant -javaagent:C:\Users\koder\.gradle\wrapper\dists\gradle-8.14-all\c2qonpi39x1mddn7hk5gh9iqj\gradle-8.14\lib\agents\gradle-instrumentation-agent-8.14.jar org.gradle.launcher.daemon.bootstrap.GradleDaemon 8.14

Host: Intel(R) Core(TM) i5-8365U CPU @ 1.60GHz, 8 cores, 15G,  Windows 11 , 64 bit Build 26100 (10.0.26100.8521)
Time: Mon Jul  6 21:12:52 2026 E. Africa Standard Time elapsed time: 114.860910 seconds (0d 0h 1m 54s)

---------------  T H R E A D  ---------------

Current thread (0x000001ac4a8b0820):  JavaThread "C2 CompilerThread1" daemon [_thread_in_native, id=14096, stack(0x0000004d0a200000,0x0000004d0a300000) (1024K)]


Current CompileTask:
C2: 114861 19436       4       org.gradle.api.internal.artifacts.ivyservice.modulecache.ModuleMetadataSerializer$Reader::readMavenDependency (148 bytes)

Stack: [0x0000004d0a200000,0x0000004d0a300000]
Native frames: (J=compiled Java code, j=interpreted, Vv=VM code, C=native code)
V  [jvm.dll+0x6cbcf9]
V  [jvm.dll+0x8a5551]
V  [jvm.dll+0x8a7a7e]
V  [jvm.dll+0x8a8153]
V  [jvm.dll+0x27eca6]
V  [jvm.dll+0xc4aad]
V  [jvm.dll+0xc4fe3]
V  [jvm.dll+0x3b513c]
V  [jvm.dll+0x3815a5]
V  [jvm.dll+0x380a0a]
V  [jvm.dll+0x247110]
V  [jvm.dll+0x2466ef]
V  [jvm.dll+0x1c6f7e]
V  [jvm.dll+0x255e7a]
V  [jvm.dll+0x25441a]
V  [jvm.dll+0x3eeef6]
V  [jvm.dll+0x84f17b]
V  [jvm.dll+0x6ca3fd]
C  [ucrtbase.dll+0x2cd30]
C  [KERNEL32.DLL+0x2e957]
C  [ntdll.dll+0x87c1c]


---------------  P R O C E S S  ---------------

Threads class SMR info:
_java_thread_list=0x000001ac43fd9bd0, length=56, elements={
0x000001ac6db11ed0, 0x000001ac7c961060, 0x000001ac7c963ad0, 0x000001ac7c9668d0,
0x000001ac7c967330, 0x000001ac7c9684d0, 0x000001ac7c96d390, 0x000001ac7c96ed40,
0x000001ac7c973c00, 0x000001ac7ca6d400, 0x000001ac7cb9b640, 0x000001ac7e64c660,
0x000001ac7d110070, 0x000001ac7e5ada90, 0x000001ac7db5f900, 0x000001ac7e6376d0,
0x000001ac7e6314e0, 0x000001ac7e630e50, 0x000001ac7e632200, 0x000001ac7e631b70,
0x000001ac3f630a90, 0x000001ac3f6317b0, 0x000001ac3f62fd70, 0x000001ac3f630400,
0x000001ac3f6324d0, 0x000001ac3f633f10, 0x000001ac3f6345a0, 0x000001ac3f6352c0,
0x000001ac3f633880, 0x000001ac3f634c30, 0x000001ac3f631e40, 0x000001ac40c81a70,
0x000001ac41c99790, 0x000001ac43b40df0, 0x000001ac43b40760, 0x000001ac43b41480,
0x000001ac43b44f90, 0x000001ac43b41b10, 0x000001ac43b47060, 0x000001ac43b43be0,
0x000001ac43b45cb0, 0x000001ac43b45620, 0x000001ac4a8b0820, 0x000001ac43b46340,
0x000001ac41c9b860, 0x000001ac41c983e0, 0x000001ac41c98a70, 0x000001ac41c99e20,
0x000001ac41c9bef0, 0x000001ac41c9c580, 0x000001ac41c99100, 0x000001ac41c9d930,
0x000001ac41c9fa00, 0x000001ac41c9d2a0, 0x000001ac41c9dfc0, 0x000001ac4a8af3b0
}

Java Threads: ( => current thread )
  0x000001ac6db11ed0 JavaThread "main"                              [_thread_blocked, id=30816, stack(0x0000004d07200000,0x0000004d07300000) (1024K)]
  0x000001ac7c961060 JavaThread "Reference Handler"          daemon [_thread_blocked, id=28692, stack(0x0000004d07a00000,0x0000004d07b00000) (1024K)]
  0x000001ac7c963ad0 JavaThread "Finalizer"                  daemon [_thread_blocked, id=6476, stack(0x0000004d07b00000,0x0000004d07c00000) (1024K)]
  0x000001ac7c9668d0 JavaThread "Signal Dispatcher"          daemon [_thread_blocked, id=7968, stack(0x0000004d07c00000,0x0000004d07d00000) (1024K)]
  0x000001ac7c967330 JavaThread "Attach Listener"            daemon [_thread_blocked, id=13416, stack(0x0000004d07d00000,0x0000004d07e00000) (1024K)]
  0x000001ac7c9684d0 JavaThread "Service Thread"             daemon [_thread_blocked, id=36180, stack(0x0000004d07e00000,0x0000004d07f00000) (1024K)]
  0x000001ac7c96d390 JavaThread "Monitor Deflation Thread"   daemon [_thread_blocked, id=9996, stack(0x0000004d07f00000,0x0000004d08000000) (1024K)]
  0x000001ac7c96ed40 JavaThread "C2 CompilerThread0"         daemon [_thread_blocked, id=25596, stack(0x0000004d08000000,0x0000004d08100000) (1024K)]
  0x000001ac7c973c00 JavaThread "C1 CompilerThread0"         daemon [_thread_blocked, id=11632, stack(0x0000004d08100000,0x0000004d08200000) (1024K)]
  0x000001ac7ca6d400 JavaThread "Common-Cleaner"             daemon [_thread_blocked, id=18680, stack(0x0000004d08200000,0x0000004d08300000) (1024K)]
  0x000001ac7cb9b640 JavaThread "Notification Thread"        daemon [_thread_blocked, id=20364, stack(0x0000004d08300000,0x0000004d08400000) (1024K)]
  0x000001ac7e64c660 JavaThread "Daemon health stats"               [_thread_blocked, id=19724, stack(0x0000004d08400000,0x0000004d08500000) (1024K)]
  0x000001ac7d110070 JavaThread "Incoming local TCP Connector on port 64466"        [_thread_in_native, id=30216, stack(0x0000004d08b00000,0x0000004d08c00000) (1024K)]
  0x000001ac7e5ada90 JavaThread "Daemon periodic checks"            [_thread_blocked, id=35920, stack(0x0000004d08c00000,0x0000004d08d00000) (1024K)]
  0x000001ac7db5f900 JavaThread "Daemon"                            [_thread_blocked, id=4020, stack(0x0000004d08d00000,0x0000004d08e00000) (1024K)]
  0x000001ac7e6376d0 JavaThread "Daemon worker"                     [_thread_in_native, id=1268, stack(0x0000004d09000000,0x0000004d09100000) (1024K)]
  0x000001ac7e6314e0 JavaThread "Cache worker for journal cache (C:\Users\koder\.gradle\caches\journal-1)"        [_thread_blocked, id=32756, stack(0x0000004d09400000,0x0000004d09500000) (1024K)]
  0x000001ac7e630e50 JavaThread "File lock request listener"        [_thread_in_native, id=11008, stack(0x0000004d09500000,0x0000004d09600000) (1024K)]
  0x000001ac7e632200 JavaThread "Cache worker for file hash cache (C:\Users\koder\.gradle\caches\8.14\fileHashes)"        [_thread_blocked, id=25032, stack(0x0000004d08500000,0x0000004d08600000) (1024K)]
  0x000001ac7e631b70 JavaThread "File lock release action executor"        [_thread_blocked, id=12892, stack(0x0000004d09700000,0x0000004d09800000) (1024K)]
  0x000001ac3f630a90 JavaThread "File watcher server"        daemon [_thread_in_native, id=37828, stack(0x0000004d09d00000,0x0000004d09e00000) (1024K)]
  0x000001ac3f6317b0 JavaThread "File watcher consumer"      daemon [_thread_blocked, id=25872, stack(0x0000004d09e00000,0x0000004d09f00000) (1024K)]
  0x000001ac3f62fd70 JavaThread "jar transforms"                    [_thread_blocked, id=20396, stack(0x0000004d09f00000,0x0000004d0a000000) (1024K)]
  0x000001ac3f630400 JavaThread "jar transforms Thread 2"           [_thread_blocked, id=15280, stack(0x0000004d0a000000,0x0000004d0a100000) (1024K)]
  0x000001ac3f6324d0 JavaThread "jar transforms Thread 3"           [_thread_blocked, id=14728, stack(0x0000004d0a100000,0x0000004d0a200000) (1024K)]
  0x000001ac3f633f10 JavaThread "jar transforms Thread 4"           [_thread_blocked, id=6756, stack(0x0000004d09600000,0x0000004d09700000) (1024K)]
  0x000001ac3f6345a0 JavaThread "jar transforms Thread 5"           [_thread_blocked, id=25708, stack(0x0000004d0a300000,0x0000004d0a400000) (1024K)]
  0x000001ac3f6352c0 JavaThread "Cache worker for file content cache (C:\Users\koder\.gradle\caches\8.14\fileContent)"        [_thread_blocked, id=12300, stack(0x0000004d0a600000,0x0000004d0a700000) (1024K)]
  0x000001ac3f633880 JavaThread "jar transforms Thread 6"           [_thread_blocked, id=17752, stack(0x0000004d0a700000,0x0000004d0a800000) (1024K)]
  0x000001ac3f634c30 JavaThread "jar transforms Thread 7"           [_thread_blocked, id=24868, stack(0x0000004d0a800000,0x0000004d0a900000) (1024K)]
  0x000001ac3f631e40 JavaThread "jar transforms Thread 8"           [_thread_blocked, id=11644, stack(0x0000004d0a900000,0x0000004d0aa00000) (1024K)]
  0x000001ac40c81a70 JavaThread "Memory manager"                    [_thread_blocked, id=17920, stack(0x0000004d0b000000,0x0000004d0b100000) (1024K)]
  0x000001ac41c99790 JavaThread "pool-3-thread-1"                   [_thread_blocked, id=10900, stack(0x0000004d06f00000,0x0000004d07000000) (1024K)]
  0x000001ac43b40df0 JavaThread "included builds Thread 2"          [_thread_blocked, id=35192, stack(0x0000004d07000000,0x0000004d07100000) (1024K)]
  0x000001ac43b40760 JavaThread "VFS cleanup"                       [_thread_blocked, id=19744, stack(0x0000004d09100000,0x0000004d09200000) (1024K)]
  0x000001ac43b41480 JavaThread "Handler for socket connection from /127.0.0.1:64466 to /127.0.0.1:52327"        [_thread_in_native, id=13288, stack(0x0000004d06e00000,0x0000004d06f00000) (1024K)]
  0x000001ac43b44f90 JavaThread "Cancel handler"                    [_thread_blocked, id=24604, stack(0x0000004d08e00000,0x0000004d08f00000) (1024K)]
  0x000001ac43b41b10 JavaThread "Asynchronous log dispatcher for DefaultDaemonConnection: socket connection from /127.0.0.1:64466 to /127.0.0.1:52327"        [_thread_blocked, id=3088, stack(0x0000004d08f00000,0x0000004d09000000) (1024K)]
  0x000001ac43b47060 JavaThread "Stdin handler"                     [_thread_blocked, id=20380, stack(0x0000004d09200000,0x0000004d09300000) (1024K)]
  0x000001ac43b43be0 JavaThread "Daemon client event forwarder"        [_thread_blocked, id=19472, stack(0x0000004d09300000,0x0000004d09400000) (1024K)]
  0x000001ac43b45cb0 JavaThread "Cache worker for file hash cache (D:\StayNest\frontend\android\.gradle\8.14\fileHashes)"        [_thread_blocked, id=4236, stack(0x0000004d09b00000,0x0000004d09c00000) (1024K)]
  0x000001ac43b45620 JavaThread "Cache worker for Build Output Cleanup Cache (D:\StayNest\frontend\android\.gradle\buildOutputCleanup)"        [_thread_blocked, id=22416, stack(0x0000004d09c00000,0x0000004d09d00000) (1024K)]
=>0x000001ac4a8b0820 JavaThread "C2 CompilerThread1"         daemon [_thread_in_native, id=14096, stack(0x0000004d0a200000,0x0000004d0a300000) (1024K)]
  0x000001ac43b46340 JavaThread "Cache worker for checksums cache (D:\StayNest\frontend\android\.gradle\8.14\checksums)"        [_thread_blocked, id=29016, stack(0x0000004d0a500000,0x0000004d0a600000) (1024K)]
  0x000001ac41c9b860 JavaThread "Cache worker for cache directory md-supplier (C:\Users\koder\.gradle\caches\8.14\md-supplier)"        [_thread_blocked, id=8276, stack(0x0000004d0aa00000,0x0000004d0ab00000) (1024K)]
  0x000001ac41c983e0 JavaThread "Cache worker for cache directory md-rule (C:\Users\koder\.gradle\caches\8.14\md-rule)"        [_thread_blocked, id=13048, stack(0x0000004d0ab00000,0x0000004d0ac00000) (1024K)]
  0x000001ac41c98a70 JavaThread "Cache worker for Build Output Cleanup Cache (C:\flutter\packages\flutter_tools\gradle\.gradle\buildOutputCleanup)"        [_thread_blocked, id=16532, stack(0x0000004d0ad00000,0x0000004d0ae00000) (1024K)]
  0x000001ac41c99e20 JavaThread "Unconstrained build operations"        [_thread_blocked, id=12440, stack(0x0000004d0a400000,0x0000004d0a500000) (1024K)]
  0x000001ac41c9bef0 JavaThread "Unconstrained build operations Thread 2"        [_thread_blocked, id=38452, stack(0x0000004d0ae00000,0x0000004d0af00000) (1024K)]
  0x000001ac41c9c580 JavaThread "build event listener"              [_thread_blocked, id=12392, stack(0x0000004d0af00000,0x0000004d0b000000) (1024K)]
  0x000001ac41c99100 JavaThread "included builds"                   [_thread_blocked, id=3680, stack(0x0000004d0b100000,0x0000004d0b200000) (1024K)]
  0x000001ac41c9d930 JavaThread "Cache worker for execution history cache (C:\flutter\packages\flutter_tools\gradle\.gradle\8.14\executionHistory)"        [_thread_blocked, id=35400, stack(0x0000004d0b200000,0x0000004d0b300000) (1024K)]
  0x000001ac41c9fa00 JavaThread "Unconstrained build operations Thread 3"        [_thread_blocked, id=9424, stack(0x0000004d0b300000,0x0000004d0b400000) (1024K)]
  0x000001ac41c9d2a0 JavaThread "Unconstrained build operations Thread 4"        [_thread_blocked, id=25416, stack(0x0000004d0b400000,0x0000004d0b500000) (1024K)]
  0x000001ac41c9dfc0 JavaThread "Unconstrained build operations Thread 5"        [_thread_blocked, id=2068, stack(0x0000004d0b500000,0x0000004d0b600000) (1024K)]
  0x000001ac4a8af3b0 JavaThread "C2 CompilerThread2"         daemon [_thread_in_native, id=12348, stack(0x0000004d0b600000,0x0000004d0b700000) (1024K)]
Total: 56

Other Threads:
  0x000001ac6dae3bd0 VMThread "VM Thread"                           [id=35164, stack(0x0000004d07900000,0x0000004d07a00000) (1024K)]
  0x000001ac7c919480 WatcherThread "VM Periodic Task Thread"        [id=33360, stack(0x0000004d07800000,0x0000004d07900000) (1024K)]
  0x000001ac6dae30f0 WorkerThread "GC Thread#0"                     [id=34044, stack(0x0000004d07300000,0x0000004d07400000) (1024K)]
  0x000001ac6dae3f70 WorkerThread "GC Thread#1"                     [id=21864, stack(0x0000004d08600000,0x0000004d08700000) (1024K)]
  0x000001ac6dae4310 WorkerThread "GC Thread#2"                     [id=30184, stack(0x0000004d08700000,0x0000004d08800000) (1024K)]
  0x000001ac6dae46b0 WorkerThread "GC Thread#3"                     [id=580, stack(0x0000004d08800000,0x0000004d08900000) (1024K)]
  0x000001ac7d212d70 WorkerThread "GC Thread#4"                     [id=29604, stack(0x0000004d08900000,0x0000004d08a00000) (1024K)]
  0x000001ac7d214e10 WorkerThread "GC Thread#5"                     [id=14668, stack(0x0000004d08a00000,0x0000004d08b00000) (1024K)]
  0x000001ac7d213bf0 WorkerThread "GC Thread#6"                     [id=33648, stack(0x0000004d09800000,0x0000004d09900000) (1024K)]
  0x000001ac7d213f90 WorkerThread "GC Thread#7"                     [id=34568, stack(0x0000004d09900000,0x0000004d09a00000) (1024K)]
  0x000001ac6fec3510 ConcurrentGCThread "G1 Main Marker"            [id=19072, stack(0x0000004d07400000,0x0000004d07500000) (1024K)]
  0x000001ac6dae3490 WorkerThread "G1 Conc#0"                       [id=36584, stack(0x0000004d07500000,0x0000004d07600000) (1024K)]
  0x000001ac7d2146d0 WorkerThread "G1 Conc#1"                       [id=34084, stack(0x0000004d09a00000,0x0000004d09b00000) (1024K)]
  0x000001ac7c7e6ea0 ConcurrentGCThread "G1 Refine#0"               [id=20664, stack(0x0000004d07600000,0x0000004d07700000) (1024K)]
  0x000001ac7c7e7820 ConcurrentGCThread "G1 Service"                [id=26420, stack(0x0000004d07700000,0x0000004d07800000) (1024K)]
Total: 15

Threads with active compile tasks:
C2 CompilerThread0   114946 19444       4       org.gradle.internal.component.external.model.DefaultConfigurationMetadata$Builder::build (136 bytes)
C2 CompilerThread1   114946 19436       4       org.gradle.api.internal.artifacts.ivyservice.modulecache.ModuleMetadataSerializer$Reader::readMavenDependency (148 bytes)
C2 CompilerThread2   114947 19437       4       org.gradle.api.internal.artifacts.ivyservice.modulecache.InMemoryModuleMetadataCache::get (52 bytes)
Total: 3

VM state: not at safepoint (normal execution)

VM Mutex/Monitor currently owned by a thread: None

Heap address: 0x0000000100000000, size: 1024 MB, Compressed Oops mode: Zero based, Oop shift amount: 3

CDS archive(s) mapped at: [0x000001ac20000000-0x000001ac20c90000-0x000001ac20c90000), size 13172736, SharedBaseAddress: 0x000001ac20000000, ArchiveRelocationMode: 1.
Compressed class space mapped at: 0x000001ac21000000-0x000001ac3b000000, reserved size: 436207616
Narrow klass base: 0x000001ac20000000, Narrow klass shift: 0, Narrow klass range: 0x100000000

GC Precious Log:
 CardTable entry size: 512
 Card Set container configuration: InlinePtr #cards 5 size 8 Array Of Cards #cards 12 size 40 Howl #buckets 4 coarsen threshold 1843 Howl Bitmap #cards 512 size 80 coarsen threshold 460 Card regions per heap region 1 cards per card region 2048
 CPUs: 8 total, 8 available
 Memory: 16198M
 Large Page Support: Disabled
 NUMA Support: Disabled
 Compressed Oops: Enabled (Zero based)
 Heap Region Size: 1M
 Heap Min Capacity: 8M
 Heap Initial Capacity: 254M
 Heap Max Capacity: 1G
 Pre-touch: Disabled
 Parallel Workers: 8
 Concurrent Workers: 2
 Concurrent Refinement Workers: 8
 Periodic GC: Disabled

Heap:
 garbage-first heap   total 429056K, used 281865K [0x0000000100000000, 0x0000000140000000)
  region size 1024K, 27 young (27648K), 16 survivors (16384K)
 Metaspace       used 132762K, committed 135744K, reserved 557056K
  class space    used 18016K, committed 19456K, reserved 425984K

Heap Regions: E=young(eden), S=young(survivor), O=old, HS=humongous(starts), HC=humongous(continues), CS=collection set, F=free, TAMS=top-at-mark-start, PB=parsable bottom
|   0|0x0000000100000000, 0x0000000100100000, 0x0000000100100000|100%|HS|  |TAMS 0x0000000100100000| PB 0x0000000100000000| Complete 
|   1|0x0000000100100000, 0x0000000100200000, 0x0000000100200000|100%|HC|  |TAMS 0x0000000100200000| PB 0x0000000100100000| Complete 
|   2|0x0000000100200000, 0x0000000100300000, 0x0000000100300000|100%|HC|  |TAMS 0x0000000100300000| PB 0x0000000100200000| Complete 
|   3|0x0000000100300000, 0x0000000100400000, 0x0000000100400000|100%| O|  |TAMS 0x0000000100400000| PB 0x0000000100300000| Untracked 
|   4|0x0000000100400000, 0x0000000100500000, 0x0000000100500000|100%| O|  |TAMS 0x0000000100500000| PB 0x0000000100400000| Untracked 
|   5|0x0000000100500000, 0x0000000100600000, 0x0000000100600000|100%| O|  |TAMS 0x0000000100600000| PB 0x0000000100500000| Untracked 
|   6|0x0000000100600000, 0x0000000100700000, 0x0000000100700000|100%|HS|  |TAMS 0x0000000100700000| PB 0x0000000100600000| Complete 
|   7|0x0000000100700000, 0x0000000100800000, 0x0000000100800000|100%| O|  |TAMS 0x0000000100800000| PB 0x0000000100700000| Untracked 
|   8|0x0000000100800000, 0x0000000100900000, 0x0000000100900000|100%| O|  |TAMS 0x0000000100900000| PB 0x0000000100800000| Untracked 
|   9|0x0000000100900000, 0x0000000100a00000, 0x0000000100a00000|100%| O|  |TAMS 0x0000000100a00000| PB 0x0000000100900000| Untracked 
|  10|0x0000000100a00000, 0x0000000100b00000, 0x0000000100b00000|100%| O|  |TAMS 0x0000000100b00000| PB 0x0000000100a00000| Untracked 
|  11|0x0000000100b00000, 0x0000000100c00000, 0x0000000100c00000|100%| O|  |TAMS 0x0000000100c00000| PB 0x0000000100b00000| Untracked 
|  12|0x0000000100c00000, 0x0000000100d00000, 0x0000000100d00000|100%| O|  |TAMS 0x0000000100d00000| PB 0x0000000100c00000| Untracked 
|  13|0x0000000100d00000, 0x0000000100e00000, 0x0000000100e00000|100%| O|  |TAMS 0x0000000100e00000| PB 0x0000000100d00000| Untracked 
|  14|0x0000000100e00000, 0x0000000100f00000, 0x0000000100f00000|100%| O|  |TAMS 0x0000000100f00000| PB 0x0000000100e00000| Untracked 
|  15|0x0000000100f00000, 0x0000000101000000, 0x0000000101000000|100%| O|  |TAMS 0x0000000101000000| PB 0x0000000100f00000| Untracked 
|  16|0x0000000101000000, 0x0000000101100000, 0x0000000101100000|100%| O|  |TAMS 0x0000000101100000| PB 0x0000000101000000| Untracked 
|  17|0x0000000101100000, 0x0000000101200000, 0x0000000101200000|100%| O|  |TAMS 0x0000000101200000| PB 0x0000000101100000| Untracked 
|  18|0x0000000101200000, 0x0000000101300000, 0x0000000101300000|100%| O|  |TAMS 0x0000000101300000| PB 0x0000000101200000| Untracked 
|  19|0x0000000101300000, 0x0000000101400000, 0x0000000101400000|100%| O|  |TAMS 0x0000000101400000| PB 0x0000000101300000| Untracked 
|  20|0x0000000101400000, 0x0000000101500000, 0x0000000101500000|100%| O|  |TAMS 0x0000000101500000| PB 0x0000000101400000| Untracked 
|  21|0x0000000101500000, 0x0000000101600000, 0x0000000101600000|100%| O|  |TAMS 0x0000000101600000| PB 0x0000000101500000| Untracked 
|  22|0x0000000101600000, 0x0000000101700000, 0x0000000101700000|100%| O|  |TAMS 0x0000000101700000| PB 0x0000000101600000| Untracked 
|  23|0x0000000101700000, 0x0000000101800000, 0x0000000101800000|100%| O|  |TAMS 0x0000000101800000| PB 0x0000000101700000| Untracked 
|  24|0x0000000101800000, 0x0000000101900000, 0x0000000101900000|100%| O|  |TAMS 0x0000000101900000| PB 0x0000000101800000| Untracked 
|  25|0x0000000101900000, 0x0000000101a00000, 0x0000000101a00000|100%| O|  |TAMS 0x0000000101a00000| PB 0x0000000101900000| Untracked 
|  26|0x0000000101a00000, 0x0000000101b00000, 0x0000000101b00000|100%| O|  |TAMS 0x0000000101b00000| PB 0x0000000101a00000| Untracked 
|  27|0x0000000101b00000, 0x0000000101c00000, 0x0000000101c00000|100%| O|  |TAMS 0x0000000101c00000| PB 0x0000000101b00000| Untracked 
|  28|0x0000000101c00000, 0x0000000101d00000, 0x0000000101d00000|100%| O|  |TAMS 0x0000000101d00000| PB 0x0000000101c00000| Untracked 
|  29|0x0000000101d00000, 0x0000000101e00000, 0x0000000101e00000|100%| O|  |TAMS 0x0000000101e00000| PB 0x0000000101d00000| Untracked 
|  30|0x0000000101e00000, 0x0000000101f00000, 0x0000000101f00000|100%| O|  |TAMS 0x0000000101f00000| PB 0x0000000101e00000| Untracked 
|  31|0x0000000101f00000, 0x0000000102000000, 0x0000000102000000|100%| O|  |TAMS 0x0000000102000000| PB 0x0000000101f00000| Untracked 
|  32|0x0000000102000000, 0x0000000102100000, 0x0000000102100000|100%| O|  |TAMS 0x0000000102100000| PB 0x0000000102000000| Untracked 
|  33|0x0000000102100000, 0x0000000102200000, 0x0000000102200000|100%| O|  |TAMS 0x0000000102200000| PB 0x0000000102100000| Untracked 
|  34|0x0000000102200000, 0x0000000102300000, 0x0000000102300000|100%| O|  |TAMS 0x0000000102300000| PB 0x0000000102200000| Untracked 
|  35|0x0000000102300000, 0x0000000102400000, 0x0000000102400000|100%| O|  |TAMS 0x0000000102400000| PB 0x0000000102300000| Untracked 
|  36|0x0000000102400000, 0x0000000102500000, 0x0000000102500000|100%| O|  |TAMS 0x0000000102500000| PB 0x0000000102400000| Untracked 
|  37|0x0000000102500000, 0x0000000102600000, 0x0000000102600000|100%| O|  |TAMS 0x0000000102600000| PB 0x0000000102500000| Untracked 
|  38|0x0000000102600000, 0x0000000102700000, 0x0000000102700000|100%| O|  |TAMS 0x0000000102700000| PB 0x0000000102600000| Untracked 
|  39|0x0000000102700000, 0x0000000102800000, 0x0000000102800000|100%| O|  |TAMS 0x0000000102800000| PB 0x0000000102700000| Untracked 
|  40|0x0000000102800000, 0x0000000102900000, 0x0000000102900000|100%| O|  |TAMS 0x0000000102900000| PB 0x0000000102800000| Untracked 
|  41|0x0000000102900000, 0x0000000102a00000, 0x0000000102a00000|100%| O|  |TAMS 0x0000000102a00000| PB 0x0000000102900000| Untracked 
|  42|0x0000000102a00000, 0x0000000102b00000, 0x0000000102b00000|100%| O|  |TAMS 0x0000000102b00000| PB 0x0000000102a00000| Untracked 
|  43|0x0000000102b00000, 0x0000000102c00000, 0x0000000102c00000|100%| O|  |TAMS 0x0000000102c00000| PB 0x0000000102b00000| Untracked 
|  44|0x0000000102c00000, 0x0000000102d00000, 0x0000000102d00000|100%| O|  |TAMS 0x0000000102d00000| PB 0x0000000102c00000| Untracked 
|  45|0x0000000102d00000, 0x0000000102e00000, 0x0000000102e00000|100%| O|  |TAMS 0x0000000102e00000| PB 0x0000000102d00000| Untracked 
|  46|0x0000000102e00000, 0x0000000102f00000, 0x0000000102f00000|100%| O|  |TAMS 0x0000000102f00000| PB 0x0000000102e00000| Untracked 
|  47|0x0000000102f00000, 0x0000000103000000, 0x0000000103000000|100%|HS|  |TAMS 0x0000000103000000| PB 0x0000000102f00000| Complete 
|  48|0x0000000103000000, 0x0000000103100000, 0x0000000103100000|100%|HC|  |TAMS 0x0000000103100000| PB 0x0000000103000000| Complete 
|  49|0x0000000103100000, 0x0000000103200000, 0x0000000103200000|100%| O|  |TAMS 0x0000000103200000| PB 0x0000000103100000| Untracked 
|  50|0x0000000103200000, 0x0000000103300000, 0x0000000103300000|100%|HS|  |TAMS 0x0000000103300000| PB 0x0000000103200000| Complete 
|  51|0x0000000103300000, 0x0000000103400000, 0x0000000103400000|100%|HC|  |TAMS 0x0000000103400000| PB 0x0000000103300000| Complete 
|  52|0x0000000103400000, 0x0000000103500000, 0x0000000103500000|100%|HS|  |TAMS 0x0000000103500000| PB 0x0000000103400000| Complete 
|  53|0x0000000103500000, 0x0000000103600000, 0x0000000103600000|100%|HC|  |TAMS 0x0000000103600000| PB 0x0000000103500000| Complete 
|  54|0x0000000103600000, 0x0000000103700000, 0x0000000103700000|100%|HC|  |TAMS 0x0000000103700000| PB 0x0000000103600000| Complete 
|  55|0x0000000103700000, 0x0000000103800000, 0x0000000103800000|100%| O|  |TAMS 0x0000000103800000| PB 0x0000000103700000| Untracked 
|  56|0x0000000103800000, 0x0000000103900000, 0x0000000103900000|100%| O|  |TAMS 0x0000000103900000| PB 0x0000000103800000| Untracked 
|  57|0x0000000103900000, 0x0000000103a00000, 0x0000000103a00000|100%|HS|  |TAMS 0x0000000103a00000| PB 0x0000000103900000| Complete 
|  58|0x0000000103a00000, 0x0000000103b00000, 0x0000000103b00000|100%|HC|  |TAMS 0x0000000103b00000| PB 0x0000000103a00000| Complete 
|  59|0x0000000103b00000, 0x0000000103c00000, 0x0000000103c00000|100%|HC|  |TAMS 0x0000000103c00000| PB 0x0000000103b00000| Complete 
|  60|0x0000000103c00000, 0x0000000103d00000, 0x0000000103d00000|100%| O|  |TAMS 0x0000000103d00000| PB 0x0000000103c00000| Untracked 
|  61|0x0000000103d00000, 0x0000000103e00000, 0x0000000103e00000|100%| O|  |TAMS 0x0000000103e00000| PB 0x0000000103d00000| Untracked 
|  62|0x0000000103e00000, 0x0000000103f00000, 0x0000000103f00000|100%| O|  |TAMS 0x0000000103f00000| PB 0x0000000103e00000| Untracked 
|  63|0x0000000103f00000, 0x0000000104000000, 0x0000000104000000|100%| O|  |TAMS 0x0000000104000000| PB 0x0000000103f00000| Untracked 
|  64|0x0000000104000000, 0x0000000104100000, 0x0000000104100000|100%| O|  |TAMS 0x0000000104100000| PB 0x0000000104000000| Untracked 
|  65|0x0000000104100000, 0x0000000104200000, 0x0000000104200000|100%| O|  |TAMS 0x0000000104200000| PB 0x0000000104100000| Untracked 
|  66|0x0000000104200000, 0x0000000104300000, 0x0000000104300000|100%| O|  |TAMS 0x0000000104300000| PB 0x0000000104200000| Untracked 
|  67|0x0000000104300000, 0x0000000104400000, 0x0000000104400000|100%| O|  |TAMS 0x0000000104400000| PB 0x0000000104300000| Untracked 
|  68|0x0000000104400000, 0x0000000104500000, 0x0000000104500000|100%| O|  |TAMS 0x0000000104500000| PB 0x0000000104400000| Untracked 
|  69|0x0000000104500000, 0x0000000104600000, 0x0000000104600000|100%| O|  |TAMS 0x0000000104600000| PB 0x0000000104500000| Untracked 
|  70|0x0000000104600000, 0x0000000104700000, 0x0000000104700000|100%| O|  |TAMS 0x0000000104700000| PB 0x0000000104600000| Untracked 
|  71|0x0000000104700000, 0x0000000104800000, 0x0000000104800000|100%| O|  |TAMS 0x0000000104800000| PB 0x0000000104700000| Untracked 
|  72|0x0000000104800000, 0x0000000104900000, 0x0000000104900000|100%| O|  |TAMS 0x0000000104900000| PB 0x0000000104800000| Untracked 
|  73|0x0000000104900000, 0x0000000104a00000, 0x0000000104a00000|100%| O|  |TAMS 0x0000000104a00000| PB 0x0000000104900000| Untracked 
|  74|0x0000000104a00000, 0x0000000104b00000, 0x0000000104b00000|100%| O|  |TAMS 0x0000000104b00000| PB 0x0000000104a00000| Untracked 
|  75|0x0000000104b00000, 0x0000000104c00000, 0x0000000104c00000|100%| O|  |TAMS 0x0000000104c00000| PB 0x0000000104b00000| Untracked 
|  76|0x0000000104c00000, 0x0000000104d00000, 0x0000000104d00000|100%| O|  |TAMS 0x0000000104d00000| PB 0x0000000104c00000| Untracked 
|  77|0x0000000104d00000, 0x0000000104e00000, 0x0000000104e00000|100%| O|  |TAMS 0x0000000104e00000| PB 0x0000000104d00000| Untracked 
|  78|0x0000000104e00000, 0x0000000104f00000, 0x0000000104f00000|100%| O|  |TAMS 0x0000000104f00000| PB 0x0000000104e00000| Untracked 
|  79|0x0000000104f00000, 0x0000000105000000, 0x0000000105000000|100%| O|  |TAMS 0x0000000105000000| PB 0x0000000104f00000| Untracked 
|  80|0x0000000105000000, 0x0000000105100000, 0x0000000105100000|100%|HS|  |TAMS 0x0000000105100000| PB 0x0000000105000000| Complete 
|  81|0x0000000105100000, 0x0000000105200000, 0x0000000105200000|100%|HS|  |TAMS 0x0000000105200000| PB 0x0000000105100000| Complete 
|  82|0x0000000105200000, 0x0000000105300000, 0x0000000105300000|100%|HS|  |TAMS 0x0000000105300000| PB 0x0000000105200000| Complete 
|  83|0x0000000105300000, 0x0000000105400000, 0x0000000105400000|100%|HC|  |TAMS 0x0000000105400000| PB 0x0000000105300000| Complete 
|  84|0x0000000105400000, 0x0000000105500000, 0x0000000105500000|100%|HS|  |TAMS 0x0000000105500000| PB 0x0000000105400000| Complete 
|  85|0x0000000105500000, 0x0000000105600000, 0x0000000105600000|100%|HS|  |TAMS 0x0000000105600000| PB 0x0000000105500000| Complete 
|  86|0x0000000105600000, 0x0000000105700000, 0x0000000105700000|100%| O|  |TAMS 0x0000000105700000| PB 0x0000000105600000| Untracked 
|  87|0x0000000105700000, 0x0000000105800000, 0x0000000105800000|100%|HS|  |TAMS 0x0000000105800000| PB 0x0000000105700000| Complete 
|  88|0x0000000105800000, 0x0000000105900000, 0x0000000105900000|100%|HS|  |TAMS 0x0000000105900000| PB 0x0000000105800000| Complete 
|  89|0x0000000105900000, 0x0000000105a00000, 0x0000000105a00000|100%|HC|  |TAMS 0x0000000105a00000| PB 0x0000000105900000| Complete 
|  90|0x0000000105a00000, 0x0000000105b00000, 0x0000000105b00000|100%|HS|  |TAMS 0x0000000105b00000| PB 0x0000000105a00000| Complete 
|  91|0x0000000105b00000, 0x0000000105c00000, 0x0000000105c00000|100%| O|  |TAMS 0x0000000105c00000| PB 0x0000000105b00000| Untracked 
|  92|0x0000000105c00000, 0x0000000105d00000, 0x0000000105d00000|100%| O|  |TAMS 0x0000000105d00000| PB 0x0000000105c00000| Untracked 
|  93|0x0000000105d00000, 0x0000000105e00000, 0x0000000105e00000|100%| O|  |TAMS 0x0000000105e00000| PB 0x0000000105d00000| Untracked 
|  94|0x0000000105e00000, 0x0000000105f00000, 0x0000000105f00000|100%| O|  |TAMS 0x0000000105f00000| PB 0x0000000105e00000| Untracked 
|  95|0x0000000105f00000, 0x0000000106000000, 0x0000000106000000|100%| O|  |TAMS 0x0000000106000000| PB 0x0000000105f00000| Untracked 
|  96|0x0000000106000000, 0x0000000106100000, 0x0000000106100000|100%| O|  |TAMS 0x0000000106100000| PB 0x0000000106000000| Untracked 
|  97|0x0000000106100000, 0x0000000106200000, 0x0000000106200000|100%| O|  |TAMS 0x0000000106200000| PB 0x0000000106100000| Untracked 
|  98|0x0000000106200000, 0x0000000106300000, 0x0000000106300000|100%| O|  |TAMS 0x0000000106300000| PB 0x0000000106200000| Untracked 
|  99|0x0000000106300000, 0x0000000106400000, 0x0000000106400000|100%| O|  |TAMS 0x0000000106400000| PB 0x0000000106300000| Untracked 
| 100|0x0000000106400000, 0x0000000106500000, 0x0000000106500000|100%| O|  |TAMS 0x0000000106500000| PB 0x0000000106400000| Untracked 
| 101|0x0000000106500000, 0x0000000106600000, 0x0000000106600000|100%| O|  |TAMS 0x0000000106600000| PB 0x0000000106500000| Untracked 
| 102|0x0000000106600000, 0x0000000106700000, 0x0000000106700000|100%| O|  |TAMS 0x0000000106700000| PB 0x0000000106600000| Untracked 
| 103|0x0000000106700000, 0x0000000106800000, 0x0000000106800000|100%| O|  |TAMS 0x0000000106800000| PB 0x0000000106700000| Untracked 
| 104|0x0000000106800000, 0x0000000106900000, 0x0000000106900000|100%|HS|  |TAMS 0x0000000106900000| PB 0x0000000106800000| Complete 
| 105|0x0000000106900000, 0x0000000106a00000, 0x0000000106a00000|100%| O|  |TAMS 0x0000000106a00000| PB 0x0000000106900000| Untracked 
| 106|0x0000000106a00000, 0x0000000106b00000, 0x0000000106b00000|100%| O|  |TAMS 0x0000000106b00000| PB 0x0000000106a00000| Untracked 
| 107|0x0000000106b00000, 0x0000000106c00000, 0x0000000106c00000|100%| O|  |TAMS 0x0000000106c00000| PB 0x0000000106b00000| Untracked 
| 108|0x0000000106c00000, 0x0000000106d00000, 0x0000000106d00000|100%| O|  |TAMS 0x0000000106d00000| PB 0x0000000106c00000| Untracked 
| 109|0x0000000106d00000, 0x0000000106e00000, 0x0000000106e00000|100%| O|  |TAMS 0x0000000106e00000| PB 0x0000000106d00000| Untracked 
| 110|0x0000000106e00000, 0x0000000106f00000, 0x0000000106f00000|100%| O|  |TAMS 0x0000000106f00000| PB 0x0000000106e00000| Untracked 
| 111|0x0000000106f00000, 0x0000000107000000, 0x0000000107000000|100%| O|  |TAMS 0x0000000107000000| PB 0x0000000106f00000| Untracked 
| 112|0x0000000107000000, 0x0000000107100000, 0x0000000107100000|100%| O|  |TAMS 0x0000000107100000| PB 0x0000000107000000| Untracked 
| 113|0x0000000107100000, 0x0000000107200000, 0x0000000107200000|100%| O|  |TAMS 0x0000000107200000| PB 0x0000000107100000| Untracked 
| 114|0x0000000107200000, 0x0000000107300000, 0x0000000107300000|100%| O|  |TAMS 0x0000000107300000| PB 0x0000000107200000| Untracked 
| 115|0x0000000107300000, 0x0000000107400000, 0x0000000107400000|100%| O|  |TAMS 0x0000000107400000| PB 0x0000000107300000| Untracked 
| 116|0x0000000107400000, 0x0000000107500000, 0x0000000107500000|100%| O|  |TAMS 0x0000000107500000| PB 0x0000000107400000| Untracked 
| 117|0x0000000107500000, 0x0000000107600000, 0x0000000107600000|100%| O|  |TAMS 0x0000000107600000| PB 0x0000000107500000| Untracked 
| 118|0x0000000107600000, 0x0000000107700000, 0x0000000107700000|100%| O|  |TAMS 0x0000000107700000| PB 0x0000000107600000| Untracked 
| 119|0x0000000107700000, 0x0000000107800000, 0x0000000107800000|100%| O|  |TAMS 0x0000000107800000| PB 0x0000000107700000| Untracked 
| 120|0x0000000107800000, 0x0000000107900000, 0x0000000107900000|100%| O|  |TAMS 0x0000000107900000| PB 0x0000000107800000| Untracked 
| 121|0x0000000107900000, 0x0000000107a00000, 0x0000000107a00000|100%| O|  |TAMS 0x0000000107a00000| PB 0x0000000107900000| Untracked 
| 122|0x0000000107a00000, 0x0000000107b00000, 0x0000000107b00000|100%|HS|  |TAMS 0x0000000107b00000| PB 0x0000000107a00000| Complete 
| 123|0x0000000107b00000, 0x0000000107c00000, 0x0000000107c00000|100%|HS|  |TAMS 0x0000000107c00000| PB 0x0000000107b00000| Complete 
| 124|0x0000000107c00000, 0x0000000107d00000, 0x0000000107d00000|100%|HC|  |TAMS 0x0000000107d00000| PB 0x0000000107c00000| Complete 
| 125|0x0000000107d00000, 0x0000000107e00000, 0x0000000107e00000|100%|HS|  |TAMS 0x0000000107e00000| PB 0x0000000107d00000| Complete 
| 126|0x0000000107e00000, 0x0000000107f00000, 0x0000000107f00000|100%| O|  |TAMS 0x0000000107f00000| PB 0x0000000107e00000| Untracked 
| 127|0x0000000107f00000, 0x0000000108000000, 0x0000000108000000|100%| O|  |TAMS 0x0000000108000000| PB 0x0000000107f00000| Untracked 
| 128|0x0000000108000000, 0x0000000108100000, 0x0000000108100000|100%| O|  |TAMS 0x0000000108100000| PB 0x0000000108000000| Untracked 
| 129|0x0000000108100000, 0x0000000108200000, 0x0000000108200000|100%| O|  |TAMS 0x0000000108200000| PB 0x0000000108100000| Untracked 
| 130|0x0000000108200000, 0x0000000108300000, 0x0000000108300000|100%| O|  |TAMS 0x0000000108300000| PB 0x0000000108200000| Untracked 
| 131|0x0000000108300000, 0x0000000108400000, 0x0000000108400000|100%| O|  |TAMS 0x0000000108400000| PB 0x0000000108300000| Untracked 
| 132|0x0000000108400000, 0x0000000108500000, 0x0000000108500000|100%| O|  |TAMS 0x0000000108500000| PB 0x0000000108400000| Untracked 
| 133|0x0000000108500000, 0x0000000108600000, 0x0000000108600000|100%| O|  |TAMS 0x0000000108600000| PB 0x0000000108500000| Untracked 
| 134|0x0000000108600000, 0x0000000108700000, 0x0000000108700000|100%| O|  |TAMS 0x0000000108700000| PB 0x0000000108600000| Untracked 
| 135|0x0000000108700000, 0x0000000108800000, 0x0000000108800000|100%| O|  |TAMS 0x0000000108800000| PB 0x0000000108700000| Untracked 
| 136|0x0000000108800000, 0x0000000108900000, 0x0000000108900000|100%| O|  |TAMS 0x0000000108900000| PB 0x0000000108800000| Untracked 
| 137|0x0000000108900000, 0x0000000108a00000, 0x0000000108a00000|100%| O|  |TAMS 0x0000000108a00000| PB 0x0000000108900000| Untracked 
| 138|0x0000000108a00000, 0x0000000108b00000, 0x0000000108b00000|100%| O|  |TAMS 0x0000000108b00000| PB 0x0000000108a00000| Untracked 
| 139|0x0000000108b00000, 0x0000000108c00000, 0x0000000108c00000|100%| O|  |TAMS 0x0000000108c00000| PB 0x0000000108b00000| Untracked 
| 140|0x0000000108c00000, 0x0000000108d00000, 0x0000000108d00000|100%| O|  |TAMS 0x0000000108d00000| PB 0x0000000108c00000| Untracked 
| 141|0x0000000108d00000, 0x0000000108e00000, 0x0000000108e00000|100%| O|  |TAMS 0x0000000108e00000| PB 0x0000000108d00000| Untracked 
| 142|0x0000000108e00000, 0x0000000108f00000, 0x0000000108f00000|100%| O|  |TAMS 0x0000000108f00000| PB 0x0000000108e00000| Untracked 
| 143|0x0000000108f00000, 0x0000000109000000, 0x0000000109000000|100%| O|  |TAMS 0x0000000109000000| PB 0x0000000108f00000| Untracked 
| 144|0x0000000109000000, 0x0000000109100000, 0x0000000109100000|100%| O|  |TAMS 0x0000000109100000| PB 0x0000000109000000| Untracked 
| 145|0x0000000109100000, 0x0000000109200000, 0x0000000109200000|100%| O|  |TAMS 0x0000000109200000| PB 0x0000000109100000| Untracked 
| 146|0x0000000109200000, 0x0000000109300000, 0x0000000109300000|100%|HS|  |TAMS 0x0000000109300000| PB 0x0000000109200000| Complete 
| 147|0x0000000109300000, 0x0000000109400000, 0x0000000109400000|100%| O|  |TAMS 0x0000000109300000| PB 0x0000000109300000| Untracked 
| 148|0x0000000109400000, 0x0000000109500000, 0x0000000109500000|100%| O|  |TAMS 0x0000000109500000| PB 0x0000000109400000| Untracked 
| 149|0x0000000109500000, 0x0000000109600000, 0x0000000109600000|100%|HS|  |TAMS 0x0000000109600000| PB 0x0000000109500000| Complete 
| 150|0x0000000109600000, 0x0000000109700000, 0x0000000109700000|100%|HC|  |TAMS 0x0000000109700000| PB 0x0000000109600000| Complete 
| 151|0x0000000109700000, 0x0000000109800000, 0x0000000109800000|100%|HS|  |TAMS 0x0000000109800000| PB 0x0000000109700000| Complete 
| 152|0x0000000109800000, 0x0000000109900000, 0x0000000109900000|100%| O|  |TAMS 0x0000000109900000| PB 0x0000000109800000| Untracked 
| 153|0x0000000109900000, 0x0000000109a00000, 0x0000000109a00000|100%|HS|  |TAMS 0x0000000109a00000| PB 0x0000000109900000| Complete 
| 154|0x0000000109a00000, 0x0000000109b00000, 0x0000000109b00000|100%| O|  |TAMS 0x0000000109b00000| PB 0x0000000109a00000| Untracked 
| 155|0x0000000109b00000, 0x0000000109c00000, 0x0000000109c00000|100%| O|  |TAMS 0x0000000109c00000| PB 0x0000000109b00000| Untracked 
| 156|0x0000000109c00000, 0x0000000109d00000, 0x0000000109d00000|100%| O|  |TAMS 0x0000000109d00000| PB 0x0000000109c00000| Untracked 
| 157|0x0000000109d00000, 0x0000000109e00000, 0x0000000109e00000|100%| O|  |TAMS 0x0000000109e00000| PB 0x0000000109d00000| Untracked 
| 158|0x0000000109e00000, 0x0000000109f00000, 0x0000000109f00000|100%| O|  |TAMS 0x0000000109f00000| PB 0x0000000109e00000| Untracked 
| 159|0x0000000109f00000, 0x000000010a000000, 0x000000010a000000|100%| O|  |TAMS 0x000000010a000000| PB 0x0000000109f00000| Untracked 
| 160|0x000000010a000000, 0x000000010a100000, 0x000000010a100000|100%| O|  |TAMS 0x000000010a100000| PB 0x000000010a000000| Untracked 
| 161|0x000000010a100000, 0x000000010a200000, 0x000000010a200000|100%| O|  |TAMS 0x000000010a100000| PB 0x000000010a100000| Untracked 
| 162|0x000000010a200000, 0x000000010a300000, 0x000000010a300000|100%| O|  |TAMS 0x000000010a300000| PB 0x000000010a200000| Untracked 
| 163|0x000000010a300000, 0x000000010a400000, 0x000000010a400000|100%| O|  |TAMS 0x000000010a400000| PB 0x000000010a300000| Untracked 
| 164|0x000000010a400000, 0x000000010a500000, 0x000000010a500000|100%| O|  |TAMS 0x000000010a500000| PB 0x000000010a400000| Untracked 
| 165|0x000000010a500000, 0x000000010a600000, 0x000000010a600000|100%| O|  |TAMS 0x000000010a600000| PB 0x000000010a500000| Untracked 
| 166|0x000000010a600000, 0x000000010a700000, 0x000000010a700000|100%| O|  |TAMS 0x000000010a700000| PB 0x000000010a600000| Untracked 
| 167|0x000000010a700000, 0x000000010a800000, 0x000000010a800000|100%| O|  |TAMS 0x000000010a800000| PB 0x000000010a700000| Untracked 
| 168|0x000000010a800000, 0x000000010a900000, 0x000000010a900000|100%|HS|  |TAMS 0x000000010a900000| PB 0x000000010a800000| Complete 
| 169|0x000000010a900000, 0x000000010aa00000, 0x000000010aa00000|100%|HC|  |TAMS 0x000000010aa00000| PB 0x000000010a900000| Complete 
| 170|0x000000010aa00000, 0x000000010ab00000, 0x000000010ab00000|100%|HC|  |TAMS 0x000000010ab00000| PB 0x000000010aa00000| Complete 
| 171|0x000000010ab00000, 0x000000010ac00000, 0x000000010ac00000|100%|HC|  |TAMS 0x000000010ac00000| PB 0x000000010ab00000| Complete 
| 172|0x000000010ac00000, 0x000000010ad00000, 0x000000010ad00000|100%|HS|  |TAMS 0x000000010ad00000| PB 0x000000010ac00000| Complete 
| 173|0x000000010ad00000, 0x000000010ae00000, 0x000000010ae00000|100%|HC|  |TAMS 0x000000010ae00000| PB 0x000000010ad00000| Complete 
| 174|0x000000010ae00000, 0x000000010af00000, 0x000000010af00000|100%| O|  |TAMS 0x000000010ae00000| PB 0x000000010ae00000| Untracked 
| 175|0x000000010af00000, 0x000000010b000000, 0x000000010b000000|100%| O|  |TAMS 0x000000010b000000| PB 0x000000010af00000| Untracked 
| 176|0x000000010b000000, 0x000000010b100000, 0x000000010b100000|100%| O|  |TAMS 0x000000010b100000| PB 0x000000010b000000| Untracked 
| 177|0x000000010b100000, 0x000000010b200000, 0x000000010b200000|100%| O|  |TAMS 0x000000010b200000| PB 0x000000010b100000| Untracked 
| 178|0x000000010b200000, 0x000000010b300000, 0x000000010b300000|100%| O|  |TAMS 0x000000010b300000| PB 0x000000010b200000| Untracked 
| 179|0x000000010b300000, 0x000000010b400000, 0x000000010b400000|100%|HS|  |TAMS 0x000000010b400000| PB 0x000000010b300000| Complete 
| 180|0x000000010b400000, 0x000000010b500000, 0x000000010b500000|100%|HS|  |TAMS 0x000000010b500000| PB 0x000000010b400000| Complete 
| 181|0x000000010b500000, 0x000000010b600000, 0x000000010b600000|100%|HS|  |TAMS 0x000000010b600000| PB 0x000000010b500000| Complete 
| 182|0x000000010b600000, 0x000000010b700000, 0x000000010b700000|100%| O|  |TAMS 0x000000010b700000| PB 0x000000010b600000| Untracked 
| 183|0x000000010b700000, 0x000000010b800000, 0x000000010b800000|100%| O|  |TAMS 0x000000010b800000| PB 0x000000010b700000| Untracked 
| 184|0x000000010b800000, 0x000000010b900000, 0x000000010b900000|100%| O|  |TAMS 0x000000010b900000| PB 0x000000010b800000| Untracked 
| 185|0x000000010b900000, 0x000000010ba00000, 0x000000010ba00000|100%| O|  |TAMS 0x000000010ba00000| PB 0x000000010b900000| Untracked 
| 186|0x000000010ba00000, 0x000000010bb00000, 0x000000010bb00000|100%| O|  |TAMS 0x000000010bb00000| PB 0x000000010ba00000| Untracked 
| 187|0x000000010bb00000, 0x000000010bc00000, 0x000000010bc00000|100%| O|  |TAMS 0x000000010bc00000| PB 0x000000010bb00000| Untracked 
| 188|0x000000010bc00000, 0x000000010bd00000, 0x000000010bd00000|100%| O|  |TAMS 0x000000010bd00000| PB 0x000000010bc00000| Untracked 
| 189|0x000000010bd00000, 0x000000010be00000, 0x000000010be00000|100%| O|  |TAMS 0x000000010be00000| PB 0x000000010bd00000| Untracked 
| 190|0x000000010be00000, 0x000000010bf00000, 0x000000010bf00000|100%| O|  |TAMS 0x000000010bf00000| PB 0x000000010be00000| Untracked 
| 191|0x000000010bf00000, 0x000000010c000000, 0x000000010c000000|100%| O|  |TAMS 0x000000010c000000| PB 0x000000010bf00000| Untracked 
| 192|0x000000010c000000, 0x000000010c100000, 0x000000010c100000|100%| O|  |TAMS 0x000000010c100000| PB 0x000000010c000000| Untracked 
| 193|0x000000010c100000, 0x000000010c200000, 0x000000010c200000|100%| O|  |TAMS 0x000000010c200000| PB 0x000000010c100000| Untracked 
| 194|0x000000010c200000, 0x000000010c300000, 0x000000010c300000|100%|HS|  |TAMS 0x000000010c300000| PB 0x000000010c200000| Complete 
| 195|0x000000010c300000, 0x000000010c400000, 0x000000010c400000|100%|HC|  |TAMS 0x000000010c400000| PB 0x000000010c300000| Complete 
| 196|0x000000010c400000, 0x000000010c500000, 0x000000010c500000|100%| O|  |TAMS 0x000000010c500000| PB 0x000000010c400000| Untracked 
| 197|0x000000010c500000, 0x000000010c600000, 0x000000010c600000|100%|HS|  |TAMS 0x000000010c600000| PB 0x000000010c500000| Complete 
| 198|0x000000010c600000, 0x000000010c700000, 0x000000010c700000|100%|HS|  |TAMS 0x000000010c700000| PB 0x000000010c600000| Complete 
| 199|0x000000010c700000, 0x000000010c800000, 0x000000010c800000|100%|HS|  |TAMS 0x000000010c800000| PB 0x000000010c700000| Complete 
| 200|0x000000010c800000, 0x000000010c900000, 0x000000010c900000|100%| O|  |TAMS 0x000000010c900000| PB 0x000000010c800000| Untracked 
| 201|0x000000010c900000, 0x000000010ca00000, 0x000000010ca00000|100%| O|  |TAMS 0x000000010ca00000| PB 0x000000010c900000| Untracked 
| 202|0x000000010ca00000, 0x000000010cb00000, 0x000000010cb00000|100%| O|  |TAMS 0x000000010cb00000| PB 0x000000010ca00000| Untracked 
| 203|0x000000010cb00000, 0x000000010cc00000, 0x000000010cc00000|100%| O|  |TAMS 0x000000010cc00000| PB 0x000000010cb00000| Untracked 
| 204|0x000000010cc00000, 0x000000010cd00000, 0x000000010cd00000|100%| O|  |TAMS 0x000000010cd00000| PB 0x000000010cc00000| Untracked 
| 205|0x000000010cd00000, 0x000000010ce00000, 0x000000010ce00000|100%| O|  |TAMS 0x000000010ce00000| PB 0x000000010cd00000| Untracked 
| 206|0x000000010ce00000, 0x000000010cf00000, 0x000000010cf00000|100%| O|  |TAMS 0x000000010cf00000| PB 0x000000010ce00000| Untracked 
| 207|0x000000010cf00000, 0x000000010d000000, 0x000000010d000000|100%| O|  |TAMS 0x000000010d000000| PB 0x000000010cf00000| Untracked 
| 208|0x000000010d000000, 0x000000010d100000, 0x000000010d100000|100%| O|  |TAMS 0x000000010d100000| PB 0x000000010d000000| Untracked 
| 209|0x000000010d100000, 0x000000010d200000, 0x000000010d200000|100%| O|  |TAMS 0x000000010d200000| PB 0x000000010d100000| Untracked 
| 210|0x000000010d200000, 0x000000010d300000, 0x000000010d300000|100%| O|  |TAMS 0x000000010d200000| PB 0x000000010d200000| Untracked 
| 211|0x000000010d300000, 0x000000010d400000, 0x000000010d400000|100%| O|  |TAMS 0x000000010d400000| PB 0x000000010d300000| Untracked 
| 212|0x000000010d400000, 0x000000010d500000, 0x000000010d500000|100%| O|  |TAMS 0x000000010d500000| PB 0x000000010d400000| Untracked 
| 213|0x000000010d500000, 0x000000010d600000, 0x000000010d600000|100%| O|  |TAMS 0x000000010d600000| PB 0x000000010d500000| Untracked 
| 214|0x000000010d600000, 0x000000010d700000, 0x000000010d700000|100%| O|  |TAMS 0x000000010d700000| PB 0x000000010d600000| Untracked 
| 215|0x000000010d700000, 0x000000010d800000, 0x000000010d800000|100%| O|  |TAMS 0x000000010d700000| PB 0x000000010d700000| Untracked 
| 216|0x000000010d800000, 0x000000010d900000, 0x000000010d900000|100%| O|  |TAMS 0x000000010d900000| PB 0x000000010d800000| Untracked 
| 217|0x000000010d900000, 0x000000010da00000, 0x000000010da00000|100%| O|  |TAMS 0x000000010d900000| PB 0x000000010d900000| Untracked 
| 218|0x000000010da00000, 0x000000010db00000, 0x000000010db00000|100%| O|  |TAMS 0x000000010db00000| PB 0x000000010da00000| Untracked 
| 219|0x000000010db00000, 0x000000010dc00000, 0x000000010dc00000|100%| O|  |TAMS 0x000000010dc00000| PB 0x000000010db00000| Untracked 
| 220|0x000000010dc00000, 0x000000010dd00000, 0x000000010dd00000|100%| O|  |TAMS 0x000000010dc00000| PB 0x000000010dc00000| Untracked 
| 221|0x000000010dd00000, 0x000000010de00000, 0x000000010de00000|100%| O|  |TAMS 0x000000010de00000| PB 0x000000010dd00000| Untracked 
| 222|0x000000010de00000, 0x000000010df00000, 0x000000010df00000|100%| O|  |TAMS 0x000000010df00000| PB 0x000000010de00000| Untracked 
| 223|0x000000010df00000, 0x000000010e000000, 0x000000010e000000|100%| O|  |TAMS 0x000000010e000000| PB 0x000000010df00000| Untracked 
| 224|0x000000010e000000, 0x000000010e100000, 0x000000010e100000|100%| O|  |TAMS 0x000000010e100000| PB 0x000000010e000000| Untracked 
| 225|0x000000010e100000, 0x000000010e200000, 0x000000010e200000|100%| O|  |TAMS 0x000000010e200000| PB 0x000000010e100000| Untracked 
| 226|0x000000010e200000, 0x000000010e300000, 0x000000010e300000|100%| O|  |TAMS 0x000000010e300000| PB 0x000000010e200000| Untracked 
| 227|0x000000010e300000, 0x000000010e400000, 0x000000010e400000|100%| O|  |TAMS 0x000000010e400000| PB 0x000000010e300000| Untracked 
| 228|0x000000010e400000, 0x000000010e500000, 0x000000010e500000|100%| O|  |TAMS 0x000000010e500000| PB 0x000000010e400000| Untracked 
| 229|0x000000010e500000, 0x000000010e600000, 0x000000010e600000|100%| O|  |TAMS 0x000000010e600000| PB 0x000000010e500000| Untracked 
| 230|0x000000010e600000, 0x000000010e700000, 0x000000010e700000|100%| O|  |TAMS 0x000000010e700000| PB 0x000000010e600000| Untracked 
| 231|0x000000010e700000, 0x000000010e800000, 0x000000010e800000|100%| O|  |TAMS 0x000000010e800000| PB 0x000000010e700000| Untracked 
| 232|0x000000010e800000, 0x000000010e900000, 0x000000010e900000|100%| O|  |TAMS 0x000000010e900000| PB 0x000000010e800000| Untracked 
| 233|0x000000010e900000, 0x000000010ea00000, 0x000000010ea00000|100%| O|  |TAMS 0x000000010ea00000| PB 0x000000010e900000| Untracked 
| 234|0x000000010ea00000, 0x000000010eb00000, 0x000000010eb00000|100%| O|  |TAMS 0x000000010eb00000| PB 0x000000010ea00000| Untracked 
| 235|0x000000010eb00000, 0x000000010ec00000, 0x000000010ec00000|100%| O|  |TAMS 0x000000010ec00000| PB 0x000000010eb00000| Untracked 
| 236|0x000000010ec00000, 0x000000010ece6988, 0x000000010ed00000| 90%| O|  |TAMS 0x000000010ec00000| PB 0x000000010ec00000| Untracked 
| 237|0x000000010ed00000, 0x000000010ee00000, 0x000000010ee00000|100%| O|  |TAMS 0x000000010ee00000| PB 0x000000010ed00000| Untracked 
| 238|0x000000010ee00000, 0x000000010ef00000, 0x000000010ef00000|100%| O|  |TAMS 0x000000010ef00000| PB 0x000000010ee00000| Untracked 
| 239|0x000000010ef00000, 0x000000010f000000, 0x000000010f000000|100%| O|  |TAMS 0x000000010f000000| PB 0x000000010ef00000| Untracked 
| 240|0x000000010f000000, 0x000000010f100000, 0x000000010f100000|100%| O|  |TAMS 0x000000010f100000| PB 0x000000010f000000| Untracked 
| 241|0x000000010f100000, 0x000000010f200000, 0x000000010f200000|100%| O|  |TAMS 0x000000010f200000| PB 0x000000010f100000| Untracked 
| 242|0x000000010f200000, 0x000000010f300000, 0x000000010f300000|100%| O|  |TAMS 0x000000010f300000| PB 0x000000010f200000| Untracked 
| 243|0x000000010f300000, 0x000000010f400000, 0x000000010f400000|100%| O|  |TAMS 0x000000010f400000| PB 0x000000010f300000| Untracked 
| 244|0x000000010f400000, 0x000000010f500000, 0x000000010f500000|100%| O|  |TAMS 0x000000010f500000| PB 0x000000010f400000| Untracked 
| 245|0x000000010f500000, 0x000000010f600000, 0x000000010f600000|100%|HS|  |TAMS 0x000000010f600000| PB 0x000000010f500000| Complete 
| 246|0x000000010f600000, 0x000000010f700000, 0x000000010f700000|100%| O|  |TAMS 0x000000010f700000| PB 0x000000010f600000| Untracked 
| 247|0x000000010f700000, 0x000000010f800000, 0x000000010f800000|100%| O|  |TAMS 0x000000010f800000| PB 0x000000010f700000| Untracked 
| 248|0x000000010f800000, 0x000000010f900000, 0x000000010f900000|100%| O|  |TAMS 0x000000010f900000| PB 0x000000010f800000| Untracked 
| 249|0x000000010f900000, 0x000000010fa00000, 0x000000010fa00000|100%| O|  |TAMS 0x000000010f9dae80| PB 0x000000010f900000| Untracked 
| 250|0x000000010fa00000, 0x000000010fa00000, 0x000000010fb00000|  0%| F|  |TAMS 0x000000010fa00000| PB 0x000000010fa00000| Untracked 
| 251|0x000000010fb00000, 0x000000010fb00000, 0x000000010fc00000|  0%| F|  |TAMS 0x000000010fb00000| PB 0x000000010fb00000| Untracked 
| 252|0x000000010fc00000, 0x000000010fc00000, 0x000000010fd00000|  0%| F|  |TAMS 0x000000010fc00000| PB 0x000000010fc00000| Untracked 
| 253|0x000000010fd00000, 0x000000010fd00000, 0x000000010fe00000|  0%| F|  |TAMS 0x000000010fd00000| PB 0x000000010fd00000| Untracked 
| 254|0x000000010fe00000, 0x000000010fe00000, 0x000000010ff00000|  0%| F|  |TAMS 0x000000010fe00000| PB 0x000000010fe00000| Untracked 
| 255|0x000000010ff00000, 0x000000010ff00000, 0x0000000110000000|  0%| F|  |TAMS 0x000000010ff00000| PB 0x000000010ff00000| Untracked 
| 256|0x0000000110000000, 0x0000000110000000, 0x0000000110100000|  0%| F|  |TAMS 0x0000000110000000| PB 0x0000000110000000| Untracked 
| 257|0x0000000110100000, 0x0000000110100000, 0x0000000110200000|  0%| F|  |TAMS 0x0000000110100000| PB 0x0000000110100000| Untracked 
| 258|0x0000000110200000, 0x0000000110200000, 0x0000000110300000|  0%| F|  |TAMS 0x0000000110200000| PB 0x0000000110200000| Untracked 
| 259|0x0000000110300000, 0x0000000110300000, 0x0000000110400000|  0%| F|  |TAMS 0x0000000110300000| PB 0x0000000110300000| Untracked 
| 260|0x0000000110400000, 0x0000000110400000, 0x0000000110500000|  0%| F|  |TAMS 0x0000000110400000| PB 0x0000000110400000| Untracked 
| 261|0x0000000110500000, 0x0000000110500000, 0x0000000110600000|  0%| F|  |TAMS 0x0000000110500000| PB 0x0000000110500000| Untracked 
| 262|0x0000000110600000, 0x0000000110600000, 0x0000000110700000|  0%| F|  |TAMS 0x0000000110600000| PB 0x0000000110600000| Untracked 
| 263|0x0000000110700000, 0x0000000110700000, 0x0000000110800000|  0%| F|  |TAMS 0x0000000110700000| PB 0x0000000110700000| Untracked 
| 264|0x0000000110800000, 0x0000000110800000, 0x0000000110900000|  0%| F|  |TAMS 0x0000000110800000| PB 0x0000000110800000| Untracked 
| 265|0x0000000110900000, 0x0000000110900000, 0x0000000110a00000|  0%| F|  |TAMS 0x0000000110900000| PB 0x0000000110900000| Untracked 
| 266|0x0000000110a00000, 0x0000000110a00000, 0x0000000110b00000|  0%| F|  |TAMS 0x0000000110a00000| PB 0x0000000110a00000| Untracked 
| 267|0x0000000110b00000, 0x0000000110b00000, 0x0000000110c00000|  0%| F|  |TAMS 0x0000000110b00000| PB 0x0000000110b00000| Untracked 
| 268|0x0000000110c00000, 0x0000000110c00000, 0x0000000110d00000|  0%| F|  |TAMS 0x0000000110c00000| PB 0x0000000110c00000| Untracked 
| 269|0x0000000110d00000, 0x0000000110d00000, 0x0000000110e00000|  0%| F|  |TAMS 0x0000000110d00000| PB 0x0000000110d00000| Untracked 
| 270|0x0000000110e00000, 0x0000000110e00000, 0x0000000110f00000|  0%| F|  |TAMS 0x0000000110e00000| PB 0x0000000110e00000| Untracked 
| 271|0x0000000110f00000, 0x0000000110f00000, 0x0000000111000000|  0%| F|  |TAMS 0x0000000110f00000| PB 0x0000000110f00000| Untracked 
| 272|0x0000000111000000, 0x0000000111000000, 0x0000000111100000|  0%| F|  |TAMS 0x0000000111000000| PB 0x0000000111000000| Untracked 
| 273|0x0000000111100000, 0x0000000111100000, 0x0000000111200000|  0%| F|  |TAMS 0x0000000111100000| PB 0x0000000111100000| Untracked 
| 274|0x0000000111200000, 0x0000000111200000, 0x0000000111300000|  0%| F|  |TAMS 0x0000000111200000| PB 0x0000000111200000| Untracked 
| 275|0x0000000111300000, 0x0000000111300000, 0x0000000111400000|  0%| F|  |TAMS 0x0000000111300000| PB 0x0000000111300000| Untracked 
| 276|0x0000000111400000, 0x0000000111400000, 0x0000000111500000|  0%| F|  |TAMS 0x0000000111400000| PB 0x0000000111400000| Untracked 
| 277|0x0000000111500000, 0x0000000111500000, 0x0000000111600000|  0%| F|  |TAMS 0x0000000111500000| PB 0x0000000111500000| Untracked 
| 278|0x0000000111600000, 0x0000000111600000, 0x0000000111700000|  0%| F|  |TAMS 0x0000000111600000| PB 0x0000000111600000| Untracked 
| 279|0x0000000111700000, 0x0000000111700000, 0x0000000111800000|  0%| F|  |TAMS 0x0000000111700000| PB 0x0000000111700000| Untracked 
| 280|0x0000000111800000, 0x0000000111800000, 0x0000000111900000|  0%| F|  |TAMS 0x0000000111800000| PB 0x0000000111800000| Untracked 
| 281|0x0000000111900000, 0x0000000111900000, 0x0000000111a00000|  0%| F|  |TAMS 0x0000000111900000| PB 0x0000000111900000| Untracked 
| 282|0x0000000111a00000, 0x0000000111a00000, 0x0000000111b00000|  0%| F|  |TAMS 0x0000000111a00000| PB 0x0000000111a00000| Untracked 
| 283|0x0000000111b00000, 0x0000000111b00000, 0x0000000111c00000|  0%| F|  |TAMS 0x0000000111b00000| PB 0x0000000111b00000| Untracked 
| 284|0x0000000111c00000, 0x0000000111c5bbd0, 0x0000000111d00000| 35%| S|CS|TAMS 0x0000000111c00000| PB 0x0000000111c00000| Complete 
| 285|0x0000000111d00000, 0x0000000111e00000, 0x0000000111e00000|100%| S|CS|TAMS 0x0000000111d00000| PB 0x0000000111d00000| Complete 
| 286|0x0000000111e00000, 0x0000000111f00000, 0x0000000111f00000|100%| S|CS|TAMS 0x0000000111e00000| PB 0x0000000111e00000| Complete 
| 287|0x0000000111f00000, 0x0000000112000000, 0x0000000112000000|100%| S|CS|TAMS 0x0000000111f00000| PB 0x0000000111f00000| Complete 
| 288|0x0000000112000000, 0x0000000112100000, 0x0000000112100000|100%| S|CS|TAMS 0x0000000112000000| PB 0x0000000112000000| Complete 
| 289|0x0000000112100000, 0x0000000112200000, 0x0000000112200000|100%| S|CS|TAMS 0x0000000112100000| PB 0x0000000112100000| Complete 
| 290|0x0000000112200000, 0x0000000112300000, 0x0000000112300000|100%| S|CS|TAMS 0x0000000112200000| PB 0x0000000112200000| Complete 
| 291|0x0000000112300000, 0x0000000112400000, 0x0000000112400000|100%| S|CS|TAMS 0x0000000112300000| PB 0x0000000112300000| Complete 
| 292|0x0000000112400000, 0x0000000112500000, 0x0000000112500000|100%| S|CS|TAMS 0x0000000112400000| PB 0x0000000112400000| Complete 
| 293|0x0000000112500000, 0x0000000112600000, 0x0000000112600000|100%| S|CS|TAMS 0x0000000112500000| PB 0x0000000112500000| Complete 
| 294|0x0000000112600000, 0x0000000112700000, 0x0000000112700000|100%| S|CS|TAMS 0x0000000112600000| PB 0x0000000112600000| Complete 
| 295|0x0000000112700000, 0x0000000112800000, 0x0000000112800000|100%| S|CS|TAMS 0x0000000112700000| PB 0x0000000112700000| Complete 
| 296|0x0000000112800000, 0x0000000112900000, 0x0000000112900000|100%| S|CS|TAMS 0x0000000112800000| PB 0x0000000112800000| Complete 
| 297|0x0000000112900000, 0x0000000112a00000, 0x0000000112a00000|100%| S|CS|TAMS 0x0000000112900000| PB 0x0000000112900000| Complete 
| 298|0x0000000112a00000, 0x0000000112b00000, 0x0000000112b00000|100%| S|CS|TAMS 0x0000000112a00000| PB 0x0000000112a00000| Complete 
| 299|0x0000000112b00000, 0x0000000112c00000, 0x0000000112c00000|100%| S|CS|TAMS 0x0000000112b00000| PB 0x0000000112b00000| Complete 
| 300|0x0000000112c00000, 0x0000000112c00000, 0x0000000112d00000|  0%| F|  |TAMS 0x0000000112c00000| PB 0x0000000112c00000| Untracked 
| 301|0x0000000112d00000, 0x0000000112d00000, 0x0000000112e00000|  0%| F|  |TAMS 0x0000000112d00000| PB 0x0000000112d00000| Untracked 
| 302|0x0000000112e00000, 0x0000000112e00000, 0x0000000112f00000|  0%| F|  |TAMS 0x0000000112e00000| PB 0x0000000112e00000| Untracked 
| 303|0x0000000112f00000, 0x0000000112f00000, 0x0000000113000000|  0%| F|  |TAMS 0x0000000112f00000| PB 0x0000000112f00000| Untracked 
| 304|0x0000000113000000, 0x0000000113000000, 0x0000000113100000|  0%| F|  |TAMS 0x0000000113000000| PB 0x0000000113000000| Untracked 
| 305|0x0000000113100000, 0x0000000113100000, 0x0000000113200000|  0%| F|  |TAMS 0x0000000113100000| PB 0x0000000113100000| Untracked 
| 306|0x0000000113200000, 0x0000000113200000, 0x0000000113300000|  0%| F|  |TAMS 0x0000000113200000| PB 0x0000000113200000| Untracked 
| 307|0x0000000113300000, 0x0000000113300000, 0x0000000113400000|  0%| F|  |TAMS 0x0000000113300000| PB 0x0000000113300000| Untracked 
| 308|0x0000000113400000, 0x0000000113400000, 0x0000000113500000|  0%| F|  |TAMS 0x0000000113400000| PB 0x0000000113400000| Untracked 
| 309|0x0000000113500000, 0x0000000113500000, 0x0000000113600000|  0%| F|  |TAMS 0x0000000113500000| PB 0x0000000113500000| Untracked 
| 310|0x0000000113600000, 0x0000000113600000, 0x0000000113700000|  0%| F|  |TAMS 0x0000000113600000| PB 0x0000000113600000| Untracked 
| 311|0x0000000113700000, 0x0000000113700000, 0x0000000113800000|  0%| F|  |TAMS 0x0000000113700000| PB 0x0000000113700000| Untracked 
| 312|0x0000000113800000, 0x0000000113800000, 0x0000000113900000|  0%| F|  |TAMS 0x0000000113800000| PB 0x0000000113800000| Untracked 
| 313|0x0000000113900000, 0x0000000113900000, 0x0000000113a00000|  0%| F|  |TAMS 0x0000000113900000| PB 0x0000000113900000| Untracked 
| 314|0x0000000113a00000, 0x0000000113a00000, 0x0000000113b00000|  0%| F|  |TAMS 0x0000000113a00000| PB 0x0000000113a00000| Untracked 
| 315|0x0000000113b00000, 0x0000000113b00000, 0x0000000113c00000|  0%| F|  |TAMS 0x0000000113b00000| PB 0x0000000113b00000| Untracked 
| 316|0x0000000113c00000, 0x0000000113c00000, 0x0000000113d00000|  0%| F|  |TAMS 0x0000000113c00000| PB 0x0000000113c00000| Untracked 
| 317|0x0000000113d00000, 0x0000000113d00000, 0x0000000113e00000|  0%| F|  |TAMS 0x0000000113d00000| PB 0x0000000113d00000| Untracked 
| 318|0x0000000113e00000, 0x0000000113e00000, 0x0000000113f00000|  0%| F|  |TAMS 0x0000000113e00000| PB 0x0000000113e00000| Untracked 
| 319|0x0000000113f00000, 0x0000000113f00000, 0x0000000114000000|  0%| F|  |TAMS 0x0000000113f00000| PB 0x0000000113f00000| Untracked 
| 320|0x0000000114000000, 0x0000000114000000, 0x0000000114100000|  0%| F|  |TAMS 0x0000000114000000| PB 0x0000000114000000| Untracked 
| 321|0x0000000114100000, 0x0000000114100000, 0x0000000114200000|  0%| F|  |TAMS 0x0000000114100000| PB 0x0000000114100000| Untracked 
| 322|0x0000000114200000, 0x0000000114200000, 0x0000000114300000|  0%| F|  |TAMS 0x0000000114200000| PB 0x0000000114200000| Untracked 
| 323|0x0000000114300000, 0x0000000114300000, 0x0000000114400000|  0%| F|  |TAMS 0x0000000114300000| PB 0x0000000114300000| Untracked 
| 324|0x0000000114400000, 0x0000000114400000, 0x0000000114500000|  0%| F|  |TAMS 0x0000000114400000| PB 0x0000000114400000| Untracked 
| 325|0x0000000114500000, 0x0000000114500000, 0x0000000114600000|  0%| F|  |TAMS 0x0000000114500000| PB 0x0000000114500000| Untracked 
| 326|0x0000000114600000, 0x0000000114600000, 0x0000000114700000|  0%| F|  |TAMS 0x0000000114600000| PB 0x0000000114600000| Untracked 
| 327|0x0000000114700000, 0x0000000114700000, 0x0000000114800000|  0%| F|  |TAMS 0x0000000114700000| PB 0x0000000114700000| Untracked 
| 328|0x0000000114800000, 0x0000000114800000, 0x0000000114900000|  0%| F|  |TAMS 0x0000000114800000| PB 0x0000000114800000| Untracked 
| 329|0x0000000114900000, 0x0000000114900000, 0x0000000114a00000|  0%| F|  |TAMS 0x0000000114900000| PB 0x0000000114900000| Untracked 
| 330|0x0000000114a00000, 0x0000000114a00000, 0x0000000114b00000|  0%| F|  |TAMS 0x0000000114a00000| PB 0x0000000114a00000| Untracked 
| 331|0x0000000114b00000, 0x0000000114b00000, 0x0000000114c00000|  0%| F|  |TAMS 0x0000000114b00000| PB 0x0000000114b00000| Untracked 
| 332|0x0000000114c00000, 0x0000000114c00000, 0x0000000114d00000|  0%| F|  |TAMS 0x0000000114c00000| PB 0x0000000114c00000| Untracked 
| 333|0x0000000114d00000, 0x0000000114d00000, 0x0000000114e00000|  0%| F|  |TAMS 0x0000000114d00000| PB 0x0000000114d00000| Untracked 
| 334|0x0000000114e00000, 0x0000000114e00000, 0x0000000114f00000|  0%| F|  |TAMS 0x0000000114e00000| PB 0x0000000114e00000| Untracked 
| 335|0x0000000114f00000, 0x0000000114f00000, 0x0000000115000000|  0%| F|  |TAMS 0x0000000114f00000| PB 0x0000000114f00000| Untracked 
| 336|0x0000000115000000, 0x0000000115000000, 0x0000000115100000|  0%| F|  |TAMS 0x0000000115000000| PB 0x0000000115000000| Untracked 
| 337|0x0000000115100000, 0x0000000115100000, 0x0000000115200000|  0%| F|  |TAMS 0x0000000115100000| PB 0x0000000115100000| Untracked 
| 338|0x0000000115200000, 0x0000000115200000, 0x0000000115300000|  0%| F|  |TAMS 0x0000000115200000| PB 0x0000000115200000| Untracked 
| 339|0x0000000115300000, 0x0000000115300000, 0x0000000115400000|  0%| F|  |TAMS 0x0000000115300000| PB 0x0000000115300000| Untracked 
| 340|0x0000000115400000, 0x0000000115400000, 0x0000000115500000|  0%| F|  |TAMS 0x0000000115400000| PB 0x0000000115400000| Untracked 
| 341|0x0000000115500000, 0x0000000115500000, 0x0000000115600000|  0%| F|  |TAMS 0x0000000115500000| PB 0x0000000115500000| Untracked 
| 342|0x0000000115600000, 0x0000000115600000, 0x0000000115700000|  0%| F|  |TAMS 0x0000000115600000| PB 0x0000000115600000| Untracked 
| 343|0x0000000115700000, 0x0000000115700000, 0x0000000115800000|  0%| F|  |TAMS 0x0000000115700000| PB 0x0000000115700000| Untracked 
| 344|0x0000000115800000, 0x0000000115800000, 0x0000000115900000|  0%| F|  |TAMS 0x0000000115800000| PB 0x0000000115800000| Untracked 
| 345|0x0000000115900000, 0x0000000115900000, 0x0000000115a00000|  0%| F|  |TAMS 0x0000000115900000| PB 0x0000000115900000| Untracked 
| 346|0x0000000115a00000, 0x0000000115a00000, 0x0000000115b00000|  0%| F|  |TAMS 0x0000000115a00000| PB 0x0000000115a00000| Untracked 
| 347|0x0000000115b00000, 0x0000000115b00000, 0x0000000115c00000|  0%| F|  |TAMS 0x0000000115b00000| PB 0x0000000115b00000| Untracked 
| 348|0x0000000115c00000, 0x0000000115c00000, 0x0000000115d00000|  0%| F|  |TAMS 0x0000000115c00000| PB 0x0000000115c00000| Untracked 
| 349|0x0000000115d00000, 0x0000000115d00000, 0x0000000115e00000|  0%| F|  |TAMS 0x0000000115d00000| PB 0x0000000115d00000| Untracked 
| 350|0x0000000115e00000, 0x0000000115e00000, 0x0000000115f00000|  0%| F|  |TAMS 0x0000000115e00000| PB 0x0000000115e00000| Untracked 
| 351|0x0000000115f00000, 0x0000000115f00000, 0x0000000116000000|  0%| F|  |TAMS 0x0000000115f00000| PB 0x0000000115f00000| Untracked 
| 352|0x0000000116000000, 0x0000000116000000, 0x0000000116100000|  0%| F|  |TAMS 0x0000000116000000| PB 0x0000000116000000| Untracked 
| 353|0x0000000116100000, 0x0000000116100000, 0x0000000116200000|  0%| F|  |TAMS 0x0000000116100000| PB 0x0000000116100000| Untracked 
| 354|0x0000000116200000, 0x0000000116200000, 0x0000000116300000|  0%| F|  |TAMS 0x0000000116200000| PB 0x0000000116200000| Untracked 
| 355|0x0000000116300000, 0x0000000116300000, 0x0000000116400000|  0%| F|  |TAMS 0x0000000116300000| PB 0x0000000116300000| Untracked 
| 356|0x0000000116400000, 0x0000000116400000, 0x0000000116500000|  0%| F|  |TAMS 0x0000000116400000| PB 0x0000000116400000| Untracked 
| 357|0x0000000116500000, 0x0000000116500000, 0x0000000116600000|  0%| F|  |TAMS 0x0000000116500000| PB 0x0000000116500000| Untracked 
| 358|0x0000000116600000, 0x0000000116600000, 0x0000000116700000|  0%| F|  |TAMS 0x0000000116600000| PB 0x0000000116600000| Untracked 
| 359|0x0000000116700000, 0x0000000116700000, 0x0000000116800000|  0%| F|  |TAMS 0x0000000116700000| PB 0x0000000116700000| Untracked 
| 360|0x0000000116800000, 0x0000000116800000, 0x0000000116900000|  0%| F|  |TAMS 0x0000000116800000| PB 0x0000000116800000| Untracked 
| 361|0x0000000116900000, 0x0000000116900000, 0x0000000116a00000|  0%| F|  |TAMS 0x0000000116900000| PB 0x0000000116900000| Untracked 
| 362|0x0000000116a00000, 0x0000000116a00000, 0x0000000116b00000|  0%| F|  |TAMS 0x0000000116a00000| PB 0x0000000116a00000| Untracked 
| 363|0x0000000116b00000, 0x0000000116b00000, 0x0000000116c00000|  0%| F|  |TAMS 0x0000000116b00000| PB 0x0000000116b00000| Untracked 
| 364|0x0000000116c00000, 0x0000000116c00000, 0x0000000116d00000|  0%| F|  |TAMS 0x0000000116c00000| PB 0x0000000116c00000| Untracked 
| 365|0x0000000116d00000, 0x0000000116d00000, 0x0000000116e00000|  0%| F|  |TAMS 0x0000000116d00000| PB 0x0000000116d00000| Untracked 
| 366|0x0000000116e00000, 0x0000000116e00000, 0x0000000116f00000|  0%| F|  |TAMS 0x0000000116e00000| PB 0x0000000116e00000| Untracked 
| 367|0x0000000116f00000, 0x0000000116f00000, 0x0000000117000000|  0%| F|  |TAMS 0x0000000116f00000| PB 0x0000000116f00000| Untracked 
| 368|0x0000000117000000, 0x0000000117000000, 0x0000000117100000|  0%| F|  |TAMS 0x0000000117000000| PB 0x0000000117000000| Untracked 
| 369|0x0000000117100000, 0x0000000117100000, 0x0000000117200000|  0%| F|  |TAMS 0x0000000117100000| PB 0x0000000117100000| Untracked 
| 370|0x0000000117200000, 0x0000000117200000, 0x0000000117300000|  0%| F|  |TAMS 0x0000000117200000| PB 0x0000000117200000| Untracked 
| 371|0x0000000117300000, 0x0000000117300000, 0x0000000117400000|  0%| F|  |TAMS 0x0000000117300000| PB 0x0000000117300000| Untracked 
| 372|0x0000000117400000, 0x0000000117400000, 0x0000000117500000|  0%| F|  |TAMS 0x0000000117400000| PB 0x0000000117400000| Untracked 
| 373|0x0000000117500000, 0x0000000117500000, 0x0000000117600000|  0%| F|  |TAMS 0x0000000117500000| PB 0x0000000117500000| Untracked 
| 374|0x0000000117600000, 0x0000000117600000, 0x0000000117700000|  0%| F|  |TAMS 0x0000000117600000| PB 0x0000000117600000| Untracked 
| 375|0x0000000117700000, 0x0000000117700000, 0x0000000117800000|  0%| F|  |TAMS 0x0000000117700000| PB 0x0000000117700000| Untracked 
| 376|0x0000000117800000, 0x0000000117800000, 0x0000000117900000|  0%| F|  |TAMS 0x0000000117800000| PB 0x0000000117800000| Untracked 
| 377|0x0000000117900000, 0x0000000117900000, 0x0000000117a00000|  0%| F|  |TAMS 0x0000000117900000| PB 0x0000000117900000| Untracked 
| 378|0x0000000117a00000, 0x0000000117a00000, 0x0000000117b00000|  0%| F|  |TAMS 0x0000000117a00000| PB 0x0000000117a00000| Untracked 
| 379|0x0000000117b00000, 0x0000000117b00000, 0x0000000117c00000|  0%| F|  |TAMS 0x0000000117b00000| PB 0x0000000117b00000| Untracked 
| 380|0x0000000117c00000, 0x0000000117c00000, 0x0000000117d00000|  0%| F|  |TAMS 0x0000000117c00000| PB 0x0000000117c00000| Untracked 
| 381|0x0000000117d00000, 0x0000000117d00000, 0x0000000117e00000|  0%| F|  |TAMS 0x0000000117d00000| PB 0x0000000117d00000| Untracked 
| 382|0x0000000117e00000, 0x0000000117e00000, 0x0000000117f00000|  0%| F|  |TAMS 0x0000000117e00000| PB 0x0000000117e00000| Untracked 
| 383|0x0000000117f00000, 0x0000000117f00000, 0x0000000118000000|  0%| F|  |TAMS 0x0000000117f00000| PB 0x0000000117f00000| Untracked 
| 384|0x0000000118000000, 0x0000000118000000, 0x0000000118100000|  0%| F|  |TAMS 0x0000000118000000| PB 0x0000000118000000| Untracked 
| 385|0x0000000118100000, 0x0000000118100000, 0x0000000118200000|  0%| F|  |TAMS 0x0000000118100000| PB 0x0000000118100000| Untracked 
| 386|0x0000000118200000, 0x0000000118200000, 0x0000000118300000|  0%| F|  |TAMS 0x0000000118200000| PB 0x0000000118200000| Untracked 
| 387|0x0000000118300000, 0x0000000118300000, 0x0000000118400000|  0%| F|  |TAMS 0x0000000118300000| PB 0x0000000118300000| Untracked 
| 388|0x0000000118400000, 0x0000000118400000, 0x0000000118500000|  0%| F|  |TAMS 0x0000000118400000| PB 0x0000000118400000| Untracked 
| 389|0x0000000118500000, 0x0000000118500000, 0x0000000118600000|  0%| F|  |TAMS 0x0000000118500000| PB 0x0000000118500000| Untracked 
| 390|0x0000000118600000, 0x0000000118600000, 0x0000000118700000|  0%| F|  |TAMS 0x0000000118600000| PB 0x0000000118600000| Untracked 
| 391|0x0000000118700000, 0x0000000118700000, 0x0000000118800000|  0%| F|  |TAMS 0x0000000118700000| PB 0x0000000118700000| Untracked 
| 392|0x0000000118800000, 0x0000000118800000, 0x0000000118900000|  0%| F|  |TAMS 0x0000000118800000| PB 0x0000000118800000| Untracked 
| 393|0x0000000118900000, 0x0000000118900000, 0x0000000118a00000|  0%| F|  |TAMS 0x0000000118900000| PB 0x0000000118900000| Untracked 
| 394|0x0000000118a00000, 0x0000000118a00000, 0x0000000118b00000|  0%| F|  |TAMS 0x0000000118a00000| PB 0x0000000118a00000| Untracked 
| 395|0x0000000118b00000, 0x0000000118b00000, 0x0000000118c00000|  0%| F|  |TAMS 0x0000000118b00000| PB 0x0000000118b00000| Untracked 
| 396|0x0000000118c00000, 0x0000000118c00000, 0x0000000118d00000|  0%| F|  |TAMS 0x0000000118c00000| PB 0x0000000118c00000| Untracked 
| 397|0x0000000118d00000, 0x0000000118d00000, 0x0000000118e00000|  0%| F|  |TAMS 0x0000000118d00000| PB 0x0000000118d00000| Untracked 
| 398|0x0000000118e00000, 0x0000000118e00000, 0x0000000118f00000|  0%| F|  |TAMS 0x0000000118e00000| PB 0x0000000118e00000| Untracked 
| 399|0x0000000118f00000, 0x0000000118f00000, 0x0000000119000000|  0%| F|  |TAMS 0x0000000118f00000| PB 0x0000000118f00000| Untracked 
| 400|0x0000000119000000, 0x0000000119000000, 0x0000000119100000|  0%| F|  |TAMS 0x0000000119000000| PB 0x0000000119000000| Untracked 
| 401|0x0000000119100000, 0x0000000119100000, 0x0000000119200000|  0%| F|  |TAMS 0x0000000119100000| PB 0x0000000119100000| Untracked 
| 402|0x0000000119200000, 0x0000000119200000, 0x0000000119300000|  0%| F|  |TAMS 0x0000000119200000| PB 0x0000000119200000| Untracked 
| 403|0x0000000119300000, 0x0000000119300000, 0x0000000119400000|  0%| F|  |TAMS 0x0000000119300000| PB 0x0000000119300000| Untracked 
| 404|0x0000000119400000, 0x0000000119400000, 0x0000000119500000|  0%| F|  |TAMS 0x0000000119400000| PB 0x0000000119400000| Untracked 
| 405|0x0000000119500000, 0x0000000119500000, 0x0000000119600000|  0%| F|  |TAMS 0x0000000119500000| PB 0x0000000119500000| Untracked 
| 406|0x0000000119600000, 0x0000000119600000, 0x0000000119700000|  0%| F|  |TAMS 0x0000000119600000| PB 0x0000000119600000| Untracked 
| 407|0x0000000119700000, 0x0000000119700000, 0x0000000119800000|  0%| F|  |TAMS 0x0000000119700000| PB 0x0000000119700000| Untracked 
| 408|0x0000000119800000, 0x0000000119900000, 0x0000000119900000|100%| E|  |TAMS 0x0000000119800000| PB 0x0000000119800000| Complete 
| 409|0x0000000119900000, 0x0000000119a00000, 0x0000000119a00000|100%| E|CS|TAMS 0x0000000119900000| PB 0x0000000119900000| Complete 
| 410|0x0000000119a00000, 0x0000000119b00000, 0x0000000119b00000|100%| E|CS|TAMS 0x0000000119a00000| PB 0x0000000119a00000| Complete 
| 411|0x0000000119b00000, 0x0000000119c00000, 0x0000000119c00000|100%| E|CS|TAMS 0x0000000119b00000| PB 0x0000000119b00000| Complete 
| 412|0x0000000119c00000, 0x0000000119d00000, 0x0000000119d00000|100%| E|CS|TAMS 0x0000000119c00000| PB 0x0000000119c00000| Complete 
| 413|0x0000000119d00000, 0x0000000119e00000, 0x0000000119e00000|100%| E|CS|TAMS 0x0000000119d00000| PB 0x0000000119d00000| Complete 
| 414|0x0000000119e00000, 0x0000000119f00000, 0x0000000119f00000|100%| E|CS|TAMS 0x0000000119e00000| PB 0x0000000119e00000| Complete 
|1020|0x000000013fc00000, 0x000000013fd00000, 0x000000013fd00000|100%| E|CS|TAMS 0x000000013fc00000| PB 0x000000013fc00000| Complete 
|1021|0x000000013fd00000, 0x000000013fe00000, 0x000000013fe00000|100%| E|CS|TAMS 0x000000013fd00000| PB 0x000000013fd00000| Complete 
|1022|0x000000013fe00000, 0x000000013ff00000, 0x000000013ff00000|100%| E|CS|TAMS 0x000000013fe00000| PB 0x000000013fe00000| Complete 
|1023|0x000000013ff00000, 0x0000000140000000, 0x0000000140000000|100%| E|CS|TAMS 0x000000013ff00000| PB 0x000000013ff00000| Complete 

Card table byte_map: [0x000001ac78c90000,0x000001ac78e90000] _byte_map_base: 0x000001ac78490000

Marking Bits: (CMBitMap*) 0x000001ac6feb8d00
 Bits: [0x000001ac78e90000, 0x000001ac79e90000)

Polling page: 0x000001ac6e160000

Metaspace:

Usage:
  Non-class:    112.06 MB used.
      Class:     17.59 MB used.
       Both:    129.65 MB used.

Virtual space:
  Non-class space:      128.00 MB reserved,     113.56 MB ( 89%) committed,  2 nodes.
      Class space:      416.00 MB reserved,      19.00 MB (  5%) committed,  1 nodes.
             Both:      544.00 MB reserved,     132.56 MB ( 24%) committed. 

Chunk freelists:
   Non-Class:  14.33 MB
       Class:  12.95 MB
        Both:  27.28 MB

MaxMetaspaceSize: 512.00 MB
CompressedClassSpaceSize: 416.00 MB
Initial GC threshold: 21.00 MB
Current GC threshold: 195.12 MB
CDS: on
 - commit_granule_bytes: 65536.
 - commit_granule_words: 8192.
 - virtual_space_node_default_size: 8388608.
 - enlarge_chunks_in_place: 1.
 - use_allocation_guard: 0.


Internal statistics:

num_allocs_failed_limit: 9.
num_arena_births: 4866.
num_arena_deaths: 0.
num_vsnodes_births: 3.
num_vsnodes_deaths: 0.
num_space_committed: 2119.
num_space_uncommitted: 0.
num_chunks_returned_to_freelist: 9.
num_chunks_taken_from_freelist: 11374.
num_chunk_merges: 6.
num_chunk_splits: 7372.
num_chunks_enlarged: 4611.
num_inconsistent_stats: 0.

CodeHeap 'non-profiled nmethods': size=259264Kb used=13397Kb max_used=13462Kb free=245867Kb
 bounds [0x000001ac102d0000, 0x000001ac11000000, 0x000001ac20000000]
CodeHeap 'profiled nmethods': size=259264Kb used=30212Kb max_used=30751Kb free=229051Kb
 bounds [0x000001ac00000000, 0x000001ac01e10000, 0x000001ac0fd30000]
CodeHeap 'non-nmethods': size=5760Kb used=2990Kb max_used=3098Kb free=2769Kb
 bounds [0x000001ac0fd30000, 0x000001ac10050000, 0x000001ac102d0000]
 total_blobs=17000 nmethods=15943 adapters=960
 compilation: enabled
              stopped_count=0, restarted_count=0
 full_count=0

Compilation events (20 events):
Event: 114.660 Thread 0x000001ac7c973c00 nmethod 19433 0x000001ac01e05010 code [0x000001ac01e051c0, 0x000001ac01e05310]
Event: 114.660 Thread 0x000001ac7c973c00 19434       2       org.gradle.api.internal.artifacts.ivyservice.resolveengine.graph.builder.NodeState::createAndLinkEdgeState (64 bytes)
Event: 114.661 Thread 0x000001ac7c973c00 nmethod 19434 0x000001ac01e05410 code [0x000001ac01e05620, 0x000001ac01e05a10]
Event: 114.668 Thread 0x000001ac4a8b0820 nmethod 19431 0x000001ac10fe5e10 code [0x000001ac10fe5fa0, 0x000001ac10fe63b8]
Event: 114.668 Thread 0x000001ac4a8b0820 19432       4       org.gradle.api.internal.artifacts.ivyservice.resolveengine.graph.builder.EdgeState::markUsed (6 bytes)
Event: 114.668 Thread 0x000001ac4a8b0820 nmethod 19432 0x000001ac10fe6510 code [0x000001ac10fe6680, 0x000001ac10fe6710]
Event: 114.669 Thread 0x000001ac7c96ed40 nmethod 19414 0x000001ac10fe6810 code [0x000001ac10fe6a60, 0x000001ac10fe7550]
Event: 114.675 Thread 0x000001ac7c96ed40 19435       4       org.gradle.api.internal.artifacts.ivyservice.modulecache.ModuleMetadataSerializer$Reader::readMavenDependencyExcludes (72 bytes)
Event: 114.676 Thread 0x000001ac4a8b0820 19436       4       org.gradle.api.internal.artifacts.ivyservice.modulecache.ModuleMetadataSerializer$Reader::readMavenDependency (148 bytes)
Event: 114.683 Thread 0x000001ac4a8af3b0 nmethod 19401 0x000001ac10fe7c10 code [0x000001ac10fe7f00, 0x000001ac10fe9cf0]
Event: 114.696 Thread 0x000001ac4a8af3b0 19437       4       org.gradle.api.internal.artifacts.ivyservice.modulecache.InMemoryModuleMetadataCache::get (52 bytes)
Event: 114.722 Thread 0x000001ac7c96ed40 nmethod 19435 0x000001ac10feaa90 code [0x000001ac10fead40, 0x000001ac10febf18]
Event: 114.722 Thread 0x000001ac7c96ed40 19438       4       org.gradle.api.internal.artifacts.ivyservice.DefaultCacheExpirationControl::mustRefreshModule (24 bytes)
Event: 114.745 Thread 0x000001ac7c96ed40 nmethod 19438 0x000001ac10fec810 code [0x000001ac10feca20, 0x000001ac10fed398]
Event: 114.746 Thread 0x000001ac7c96ed40 19439       4       org.gradle.api.internal.attributes.DefaultImmutableAttributesContainer::contains (9 bytes)
Event: 114.760 Thread 0x000001ac7c96ed40 nmethod 19439 0x000001ac10feda90 code [0x000001ac10fedc60, 0x000001ac10fee2b0]
Event: 114.773 Thread 0x000001ac7c96ed40 19440       4       com.google.common.collect.ImmutableList::listIterator (14 bytes)
Event: 114.777 Thread 0x000001ac7c96ed40 nmethod 19440 0x000001ac10fee690 code [0x000001ac10fee820, 0x000001ac10feeab8]
Event: 114.795 Thread 0x000001ac7c973c00 19441   !   3       java.util.concurrent.locks.AbstractQueuedSynchronizer$ConditionObject::await (185 bytes)
Event: 114.798 Thread 0x000001ac7c973c00 nmethod 19441 0x000001ac01e05d10 code [0x000001ac01e06080, 0x000001ac01e075c8]

GC Heap History (20 events):
Event: 96.206 GC heap before
{Heap before GC invocations=75 (full 0):
 garbage-first heap   total 348160K, used 282140K [0x0000000100000000, 0x0000000140000000)
  region size 1024K, 76 young (77824K), 8 survivors (8192K)
 Metaspace       used 113250K, committed 116032K, reserved 557056K
  class space    used 15784K, committed 17152K, reserved 425984K
}
Event: 96.216 GC heap after
{Heap after GC invocations=76 (full 0):
 garbage-first heap   total 348160K, used 216591K [0x0000000100000000, 0x0000000140000000)
  region size 1024K, 8 young (8192K), 8 survivors (8192K)
 Metaspace       used 113250K, committed 116032K, reserved 557056K
  class space    used 15784K, committed 17152K, reserved 425984K
}
Event: 97.587 GC heap before
{Heap before GC invocations=76 (full 0):
 garbage-first heap   total 348160K, used 310799K [0x0000000100000000, 0x0000000140000000)
  region size 1024K, 101 young (103424K), 8 survivors (8192K)
 Metaspace       used 113406K, committed 116224K, reserved 557056K
  class space    used 15801K, committed 17152K, reserved 425984K
}
Event: 97.599 GC heap after
{Heap after GC invocations=77 (full 0):
 garbage-first heap   total 348160K, used 222524K [0x0000000100000000, 0x0000000140000000)
  region size 1024K, 13 young (13312K), 13 survivors (13312K)
 Metaspace       used 113406K, committed 116224K, reserved 557056K
  class space    used 15801K, committed 17152K, reserved 425984K
}
Event: 98.719 GC heap before
{Heap before GC invocations=77 (full 0):
 garbage-first heap   total 348160K, used 315708K [0x0000000100000000, 0x0000000140000000)
  region size 1024K, 104 young (106496K), 13 survivors (13312K)
 Metaspace       used 113442K, committed 116224K, reserved 557056K
  class space    used 15806K, committed 17152K, reserved 425984K
}
Event: 98.735 GC heap after
{Heap after GC invocations=78 (full 0):
 garbage-first heap   total 348160K, used 223525K [0x0000000100000000, 0x0000000140000000)
  region size 1024K, 4 young (4096K), 4 survivors (4096K)
 Metaspace       used 113442K, committed 116224K, reserved 557056K
  class space    used 15806K, committed 17152K, reserved 425984K
}
Event: 100.146 GC heap before
{Heap before GC invocations=78 (full 0):
 garbage-first heap   total 348160K, used 256293K [0x0000000100000000, 0x0000000140000000)
  region size 1024K, 37 young (37888K), 4 survivors (4096K)
 Metaspace       used 113471K, committed 116288K, reserved 557056K
  class space    used 15806K, committed 17152K, reserved 425984K
}
Event: 100.151 GC heap after
{Heap after GC invocations=79 (full 0):
 garbage-first heap   total 348160K, used 224345K [0x0000000100000000, 0x0000000140000000)
  region size 1024K, 5 young (5120K), 5 survivors (5120K)
 Metaspace       used 113471K, committed 116288K, reserved 557056K
  class space    used 15806K, committed 17152K, reserved 425984K
}
Event: 102.160 GC heap before
{Heap before GC invocations=80 (full 0):
 garbage-first heap   total 380928K, used 324697K [0x0000000100000000, 0x0000000140000000)
  region size 1024K, 100 young (102400K), 5 survivors (5120K)
 Metaspace       used 113982K, committed 116800K, reserved 557056K
  class space    used 15863K, committed 17216K, reserved 425984K
}
Event: 102.181 GC heap after
{Heap after GC invocations=81 (full 0):
 garbage-first heap   total 380928K, used 237489K [0x0000000100000000, 0x0000000140000000)
  region size 1024K, 13 young (13312K), 13 survivors (13312K)
 Metaspace       used 113982K, committed 116800K, reserved 557056K
  class space    used 15863K, committed 17216K, reserved 425984K
}
Event: 103.791 GC heap before
{Heap before GC invocations=81 (full 0):
 garbage-first heap   total 380928K, used 341937K [0x0000000100000000, 0x0000000140000000)
  region size 1024K, 115 young (117760K), 13 survivors (13312K)
 Metaspace       used 114406K, committed 117312K, reserved 557056K
  class space    used 15909K, committed 17280K, reserved 425984K
}
Event: 103.819 GC heap after
{Heap after GC invocations=82 (full 0):
 garbage-first heap   total 380928K, used 244520K [0x0000000100000000, 0x0000000140000000)
  region size 1024K, 9 young (9216K), 9 survivors (9216K)
 Metaspace       used 114406K, committed 117312K, reserved 557056K
  class space    used 15909K, committed 17280K, reserved 425984K
}
Event: 104.674 GC heap before
{Heap before GC invocations=82 (full 0):
 garbage-first heap   total 380928K, used 278312K [0x0000000100000000, 0x0000000140000000)
  region size 1024K, 44 young (45056K), 9 survivors (9216K)
 Metaspace       used 115699K, committed 118592K, reserved 557056K
  class space    used 15994K, committed 17408K, reserved 425984K
}
Event: 104.691 GC heap after
{Heap after GC invocations=83 (full 0):
 garbage-first heap   total 380928K, used 251392K [0x0000000100000000, 0x0000000140000000)
  region size 1024K, 6 young (6144K), 6 survivors (6144K)
 Metaspace       used 115699K, committed 118592K, reserved 557056K
  class space    used 15994K, committed 17408K, reserved 425984K
}
Event: 107.353 GC heap before
{Heap before GC invocations=84 (full 0):
 garbage-first heap   total 429056K, used 355840K [0x0000000100000000, 0x0000000140000000)
  region size 1024K, 102 young (104448K), 6 survivors (6144K)
 Metaspace       used 120057K, committed 123008K, reserved 557056K
  class space    used 16527K, committed 17920K, reserved 425984K
}
Event: 107.368 GC heap after
{Heap after GC invocations=85 (full 0):
 garbage-first heap   total 429056K, used 259544K [0x0000000100000000, 0x0000000140000000)
  region size 1024K, 13 young (13312K), 13 survivors (13312K)
 Metaspace       used 120057K, committed 123008K, reserved 557056K
  class space    used 16527K, committed 17920K, reserved 425984K
}
Event: 111.691 GC heap before
{Heap before GC invocations=85 (full 0):
 garbage-first heap   total 429056K, used 392664K [0x0000000100000000, 0x0000000140000000)
  region size 1024K, 143 young (146432K), 13 survivors (13312K)
 Metaspace       used 126716K, committed 129600K, reserved 557056K
  class space    used 17426K, committed 18752K, reserved 425984K
}
Event: 111.714 GC heap after
{Heap after GC invocations=86 (full 0):
 garbage-first heap   total 429056K, used 265579K [0x0000000100000000, 0x0000000140000000)
  region size 1024K, 18 young (18432K), 18 survivors (18432K)
 Metaspace       used 126716K, committed 129600K, reserved 557056K
  class space    used 17426K, committed 18752K, reserved 425984K
}
Event: 114.477 GC heap before
{Heap before GC invocations=86 (full 0):
 garbage-first heap   total 429056K, used 386411K [0x0000000100000000, 0x0000000140000000)
  region size 1024K, 137 young (140288K), 18 survivors (18432K)
 Metaspace       used 132713K, committed 135680K, reserved 557056K
  class space    used 18008K, committed 19456K, reserved 425984K
}
Event: 114.501 GC heap after
{Heap after GC invocations=87 (full 0):
 garbage-first heap   total 429056K, used 271625K [0x0000000100000000, 0x0000000140000000)
  region size 1024K, 16 young (16384K), 16 survivors (16384K)
 Metaspace       used 132713K, committed 135680K, reserved 557056K
  class space    used 18008K, committed 19456K, reserved 425984K
}

Dll operation events (15 events):
Event: 0.114 Loaded shared library C:\java-21-openjdk-21.0.4.0.7-1.win.jdk.x86_64\bin\java.dll
Event: 0.198 Loaded shared library C:\java-21-openjdk-21.0.4.0.7-1.win.jdk.x86_64\bin\jsvml.dll
Event: 0.422 Loaded shared library C:\java-21-openjdk-21.0.4.0.7-1.win.jdk.x86_64\bin\zip.dll
Event: 0.431 Loaded shared library C:\java-21-openjdk-21.0.4.0.7-1.win.jdk.x86_64\bin\instrument.dll
Event: 0.517 Loaded shared library C:\java-21-openjdk-21.0.4.0.7-1.win.jdk.x86_64\bin\net.dll
Event: 0.604 Loaded shared library C:\java-21-openjdk-21.0.4.0.7-1.win.jdk.x86_64\bin\nio.dll
Event: 0.613 Loaded shared library C:\java-21-openjdk-21.0.4.0.7-1.win.jdk.x86_64\bin\zip.dll
Event: 1.363 Loaded shared library C:\java-21-openjdk-21.0.4.0.7-1.win.jdk.x86_64\bin\jimage.dll
Event: 1.793 Loaded shared library C:\java-21-openjdk-21.0.4.0.7-1.win.jdk.x86_64\bin\verify.dll
Event: 2.109 Loaded shared library C:\Users\koder\.gradle\native\1def1411415f61bf3af743bc5b6707747c0891f09f0c88961ee8f79bc544acac\windows-amd64\native-platform.dll
Event: 2.155 Loaded shared library C:\Users\koder\.gradle\native\0.2.7\x86_64-windows-gnu\gradle-fileevents.dll
Event: 5.163 Loaded shared library C:\java-21-openjdk-21.0.4.0.7-1.win.jdk.x86_64\bin\management.dll
Event: 5.231 Loaded shared library C:\java-21-openjdk-21.0.4.0.7-1.win.jdk.x86_64\bin\management_ext.dll
Event: 5.665 Loaded shared library C:\java-21-openjdk-21.0.4.0.7-1.win.jdk.x86_64\bin\extnet.dll
Event: 6.291 Loaded shared library C:\java-21-openjdk-21.0.4.0.7-1.win.jdk.x86_64\bin\sunmscapi.dll

Deoptimization events (20 events):
Event: 114.633 Thread 0x000001ac41c99100 Uncommon trap: trap_request=0xffffffde fr.pc=0x000001ac10a85320 relative=0x0000000000000080
Event: 114.634 Thread 0x000001ac41c99100 Uncommon trap: reason=class_check action=maybe_recompile pc=0x000001ac10a85320 method=org.gradle.internal.vfs.impl.VersionHierarchy.getVersion(Lorg/gradle/internal/snapshot/VfsRelativePath;Lorg/gradle/internal/snapshot/CaseSensitivity;)J @ 15 c2
Event: 114.634 Thread 0x000001ac41c99100 DEOPT PACKING pc=0x000001ac10a85320 sp=0x0000004d0b1f9d60
Event: 114.634 Thread 0x000001ac41c99100 DEOPT UNPACKING pc=0x000001ac0fd846a2 sp=0x0000004d0b1f9ce0 mode 2
Event: 114.634 Thread 0x000001ac41c99100 Uncommon trap: trap_request=0xffffffde fr.pc=0x000001ac10a85320 relative=0x0000000000000080
Event: 114.634 Thread 0x000001ac41c99100 Uncommon trap: reason=class_check action=maybe_recompile pc=0x000001ac10a85320 method=org.gradle.internal.vfs.impl.VersionHierarchy.getVersion(Lorg/gradle/internal/snapshot/VfsRelativePath;Lorg/gradle/internal/snapshot/CaseSensitivity;)J @ 15 c2
Event: 114.634 Thread 0x000001ac41c99100 DEOPT PACKING pc=0x000001ac10a85320 sp=0x0000004d0b1f99e0
Event: 114.634 Thread 0x000001ac41c99100 DEOPT UNPACKING pc=0x000001ac0fd846a2 sp=0x0000004d0b1f9960 mode 2
Event: 114.634 Thread 0x000001ac41c99100 Uncommon trap: trap_request=0xffffffde fr.pc=0x000001ac10a85320 relative=0x0000000000000080
Event: 114.634 Thread 0x000001ac41c99100 Uncommon trap: reason=class_check action=maybe_recompile pc=0x000001ac10a85320 method=org.gradle.internal.vfs.impl.VersionHierarchy.getVersion(Lorg/gradle/internal/snapshot/VfsRelativePath;Lorg/gradle/internal/snapshot/CaseSensitivity;)J @ 15 c2
Event: 114.634 Thread 0x000001ac41c99100 DEOPT PACKING pc=0x000001ac10a85320 sp=0x0000004d0b1f9720
Event: 114.634 Thread 0x000001ac41c99100 DEOPT UNPACKING pc=0x000001ac0fd846a2 sp=0x0000004d0b1f96a0 mode 2
Event: 114.649 Thread 0x000001ac7e6376d0 Uncommon trap: trap_request=0xffffffde fr.pc=0x000001ac10e4137c relative=0x000000000000031c
Event: 114.649 Thread 0x000001ac7e6376d0 Uncommon trap: reason=class_check action=maybe_recompile pc=0x000001ac10e4137c method=org.gradle.api.internal.artifacts.ivyservice.resolveengine.graph.builder.NodeState.maybeCollectStrictVersions(Ljava/util/Set;Lorg/gradle/api/internal/artifacts/ivyservic
Event: 114.649 Thread 0x000001ac7e6376d0 DEOPT PACKING pc=0x000001ac10e4137c sp=0x0000004d090f7b50
Event: 114.649 Thread 0x000001ac7e6376d0 DEOPT UNPACKING pc=0x000001ac0fd846a2 sp=0x0000004d090f7b00 mode 2
Event: 114.649 Thread 0x000001ac7e6376d0 Uncommon trap: trap_request=0xffffffde fr.pc=0x000001ac10c871c8 relative=0x0000000000001628
Event: 114.649 Thread 0x000001ac7e6376d0 Uncommon trap: reason=class_check action=maybe_recompile pc=0x000001ac10c871c8 method=org.gradle.internal.component.model.GraphVariantSelector.filterVariantsByRequestedCapabilities(Lorg/gradle/internal/component/model/ComponentGraphResolveState;Ljava/util
Event: 114.649 Thread 0x000001ac7e6376d0 DEOPT PACKING pc=0x000001ac10c871c8 sp=0x0000004d090f7710
Event: 114.649 Thread 0x000001ac7e6376d0 DEOPT UNPACKING pc=0x000001ac0fd846a2 sp=0x0000004d090f76e0 mode 2

Classes loaded (20 events):
Event: 111.520 Loading class java/util/logging/LogRecord
Event: 111.522 Loading class java/util/logging/LogRecord done
Event: 111.762 Loading class java/nio/file/StandardCopyOption
Event: 111.762 Loading class java/nio/file/StandardCopyOption done
Event: 111.763 Loading class sun/nio/fs/WindowsFileCopy
Event: 111.763 Loading class sun/nio/fs/WindowsFileCopy done
Event: 111.809 Loading class sun/nio/fs/WindowsSecurity$Privilege
Event: 111.809 Loading class sun/nio/fs/WindowsSecurity$Privilege done
Event: 112.115 Loading class java/util/Collections$EmptyListIterator
Event: 112.116 Loading class java/util/Collections$EmptyListIterator done
Event: 112.136 Loading class java/io/CharArrayWriter
Event: 112.136 Loading class java/io/CharArrayWriter done
Event: 112.157 Loading class java/time/Instant$1
Event: 112.157 Loading class java/time/Instant$1 done
Event: 112.208 Loading class java/net/UrlDeserializedState
Event: 112.208 Loading class java/net/UrlDeserializedState done
Event: 112.218 Loading class java/util/concurrent/CompletableFuture$AsyncRun
Event: 112.219 Loading class java/util/concurrent/CompletableFuture$AsyncRun done
Event: 112.862 Loading class jdk/internal/math/FormattedFPDecimal
Event: 112.868 Loading class jdk/internal/math/FormattedFPDecimal done

Classes unloaded (0 events):
No events

Classes redefined (0 events):
No events

Internal exceptions (20 events):
Event: 113.328 Thread 0x000001ac7e6376d0 Exception <a 'sun/nio/fs/WindowsException'{0x00000001162680d0}> (0x00000001162680d0) 
thrown [s\src\hotspot\share\prims\jni.cpp, line 520]
Event: 113.329 Thread 0x000001ac7e6376d0 Exception <a 'sun/nio/fs/WindowsException'{0x0000000116269170}> (0x0000000116269170) 
thrown [s\src\hotspot\share\prims\jni.cpp, line 520]
Event: 113.412 Thread 0x000001ac7e6376d0 Exception <a 'sun/nio/fs/WindowsException'{0x00000001161a5578}> (0x00000001161a5578) 
thrown [s\src\hotspot\share\prims\jni.cpp, line 520]
Event: 113.413 Thread 0x000001ac7e6376d0 Exception <a 'sun/nio/fs/WindowsException'{0x00000001161a7178}> (0x00000001161a7178) 
thrown [s\src\hotspot\share\prims\jni.cpp, line 520]
Event: 113.413 Thread 0x000001ac7e6376d0 Exception <a 'sun/nio/fs/WindowsException'{0x00000001161a8d68}> (0x00000001161a8d68) 
thrown [s\src\hotspot\share\prims\jni.cpp, line 520]
Event: 113.414 Thread 0x000001ac7e6376d0 Exception <a 'sun/nio/fs/WindowsException'{0x00000001161aa618}> (0x00000001161aa618) 
thrown [s\src\hotspot\share\prims\jni.cpp, line 520]
Event: 114.150 Thread 0x000001ac7e6376d0 Exception <a 'java/lang/ClassNotFoundException'{0x00000001134b4b68}: GradleAnnotationProcessorPatchPluginBeanInfo> (0x00000001134b4b68) 
thrown [s\src\hotspot\share\classfile\systemDictionary.cpp, line 312]
Event: 114.152 Thread 0x000001ac7e6376d0 Exception <a 'java/lang/ClassNotFoundException'{0x00000001134c2480}: GradleAnnotationProcessorPatchPluginCustomizer> (0x00000001134c2480) 
thrown [s\src\hotspot\share\classfile\systemDictionary.cpp, line 312]
Event: 114.157 Thread 0x000001ac7e6376d0 Exception <a 'java/lang/ClassNotFoundException'{0x00000001134f29d0}: GradleAnnotationProcessorPatchPlugin$AnnotationProcessorModelBuilderBeanInfo> (0x00000001134f29d0) 
thrown [s\src\hotspot\share\classfile\systemDictionary.cpp, line 312]
Event: 114.159 Thread 0x000001ac7e6376d0 Exception <a 'java/lang/ClassNotFoundException'{0x0000000113300a18}: GradleAnnotationProcessorPatchPlugin$AnnotationProcessorModelBuilderCustomizer> (0x0000000113300a18) 
thrown [s\src\hotspot\share\classfile\systemDictionary.cpp, line 312]
Event: 114.168 Thread 0x000001ac7e6376d0 Exception <a 'java/lang/ClassNotFoundException'{0x0000000113379620}: org/gradle/tooling/provider/model/internal/DefaultToolingModelBuilderRegistryBeanInfo> (0x0000000113379620) 
thrown [s\src\hotspot\share\classfile\systemDictionary.cpp, line 312]
Event: 114.170 Thread 0x000001ac7e6376d0 Exception <a 'java/lang/ClassNotFoundException'{0x00000001133933c8}: org/gradle/tooling/provider/model/internal/DefaultToolingModelBuilderRegistryCustomizer> (0x00000001133933c8) 
thrown [s\src\hotspot\share\classfile\systemDictionary.cpp, line 312]
Event: 114.338 Thread 0x000001ac41c99100 Implicit null exception at 0x000001ac10e70c95 to 0x000001ac10e70f70
Event: 114.592 Thread 0x000001ac41c99100 Exception <a 'sun/nio/fs/WindowsException'{0x000000013fc984f0}> (0x000000013fc984f0) 
thrown [s\src\hotspot\share\prims\jni.cpp, line 520]
Event: 114.592 Thread 0x000001ac41c99100 Exception <a 'sun/nio/fs/WindowsException'{0x000000013fc9a320}> (0x000000013fc9a320) 
thrown [s\src\hotspot\share\prims\jni.cpp, line 520]
Event: 114.592 Thread 0x000001ac41c99100 Exception <a 'sun/nio/fs/WindowsException'{0x000000013fc9c0a0}> (0x000000013fc9c0a0) 
thrown [s\src\hotspot\share\prims\jni.cpp, line 520]
Event: 114.593 Thread 0x000001ac41c99100 Exception <a 'sun/nio/fs/WindowsException'{0x000000013fc9db88}> (0x000000013fc9db88) 
thrown [s\src\hotspot\share\prims\jni.cpp, line 520]
Event: 114.598 Thread 0x000001ac41c99100 Implicit null exception at 0x000001ac10d48680 to 0x000001ac10d48c84
Event: 114.602 Thread 0x000001ac41c99100 Exception <a 'sun/nio/fs/WindowsException'{0x0000000119e01378}> (0x0000000119e01378) 
thrown [s\src\hotspot\share\prims\jni.cpp, line 520]
Event: 114.603 Thread 0x000001ac41c99100 Exception <a 'sun/nio/fs/WindowsException'{0x0000000119e02e68}> (0x0000000119e02e68) 
thrown [s\src\hotspot\share\prims\jni.cpp, line 520]

ZGC Phase Switch (0 events):
No events

VM Operations (20 events):
Event: 110.381 Executing VM operation: HandshakeAllThreads (Deoptimize)
Event: 110.381 Executing VM operation: HandshakeAllThreads (Deoptimize) done
Event: 110.386 Executing VM operation: HandshakeAllThreads (Deoptimize)
Event: 110.387 Executing VM operation: HandshakeAllThreads (Deoptimize) done
Event: 111.396 Executing VM operation: Cleanup
Event: 111.396 Executing VM operation: Cleanup done
Event: 111.691 Executing VM operation: G1CollectForAllocation (G1 Evacuation Pause)
Event: 111.714 Executing VM operation: G1CollectForAllocation (G1 Evacuation Pause) done
Event: 111.826 Executing VM operation: HandshakeAllThreads (Deoptimize)
Event: 111.826 Executing VM operation: HandshakeAllThreads (Deoptimize) done
Event: 112.066 Executing VM operation: HandshakeAllThreads (Deoptimize)
Event: 112.078 Executing VM operation: HandshakeAllThreads (Deoptimize) done
Event: 112.693 Executing VM operation: HandshakeAllThreads (Deoptimize)
Event: 112.694 Executing VM operation: HandshakeAllThreads (Deoptimize) done
Event: 112.983 Executing VM operation: ICBufferFull
Event: 113.034 Executing VM operation: ICBufferFull done
Event: 113.703 Executing VM operation: ICBufferFull
Event: 113.721 Executing VM operation: ICBufferFull done
Event: 114.477 Executing VM operation: G1CollectForAllocation (G1 Evacuation Pause)
Event: 114.501 Executing VM operation: G1CollectForAllocation (G1 Evacuation Pause) done

Memory protections (0 events):
No events

Nmethod flushes (20 events):
Event: 105.136 Thread 0x000001ac6dae3bd0 flushing  nmethod 0x000001ac0108b110
Event: 105.136 Thread 0x000001ac6dae3bd0 flushing  nmethod 0x000001ac0108bc90
Event: 105.136 Thread 0x000001ac6dae3bd0 flushing  nmethod 0x000001ac0108e210
Event: 105.136 Thread 0x000001ac6dae3bd0 flushing  nmethod 0x000001ac0136ea10
Event: 105.136 Thread 0x000001ac6dae3bd0 flushing  nmethod 0x000001ac0175f510
Event: 105.136 Thread 0x000001ac6dae3bd0 flushing  nmethod 0x000001ac00054b10
Event: 105.136 Thread 0x000001ac6dae3bd0 flushing  nmethod 0x000001ac001c8910
Event: 105.136 Thread 0x000001ac6dae3bd0 flushing  nmethod 0x000001ac0020a990
Event: 105.136 Thread 0x000001ac6dae3bd0 flushing  nmethod 0x000001ac002a9690
Event: 105.136 Thread 0x000001ac6dae3bd0 flushing  nmethod 0x000001ac00679b10
Event: 105.136 Thread 0x000001ac6dae3bd0 flushing  nmethod 0x000001ac007f3910
Event: 105.136 Thread 0x000001ac6dae3bd0 flushing  nmethod 0x000001ac00a9fe90
Event: 105.136 Thread 0x000001ac6dae3bd0 flushing  nmethod 0x000001ac00b56c10
Event: 105.136 Thread 0x000001ac6dae3bd0 flushing  nmethod 0x000001ac00b57210
Event: 105.136 Thread 0x000001ac6dae3bd0 flushing  nmethod 0x000001ac00f61f90
Event: 105.136 Thread 0x000001ac6dae3bd0 flushing  nmethod 0x000001ac01068310
Event: 105.136 Thread 0x000001ac6dae3bd0 flushing  nmethod 0x000001ac010ab910
Event: 105.136 Thread 0x000001ac6dae3bd0 flushing  nmethod 0x000001ac010ac510
Event: 105.136 Thread 0x000001ac6dae3bd0 flushing  nmethod 0x000001ac010ac910
Event: 105.136 Thread 0x000001ac6dae3bd0 flushing  nmethod 0x000001ac010b0b10

Events (20 events):
Event: 112.871 Thread 0x000001ac7e6376d0 Thread added: 0x000001ac43b47060
Event: 112.873 Thread 0x000001ac7e6376d0 Thread added: 0x000001ac43b43be0
Event: 112.888 Thread 0x000001ac7e6376d0 Thread added: 0x000001ac43b45cb0
Event: 112.983 Thread 0x000001ac7e6376d0 Thread added: 0x000001ac43b45620
Event: 113.095 Thread 0x000001ac7c973c00 Thread added: 0x000001ac4a8b0820
Event: 113.096 Thread 0x000001ac7c973c00 Thread added: 0x000001ac4a8b0ef0
Event: 113.234 Thread 0x000001ac7e6376d0 Thread added: 0x000001ac43b46340
Event: 113.336 Thread 0x000001ac7e6376d0 Thread added: 0x000001ac41c9b860
Event: 113.341 Thread 0x000001ac7e6376d0 Thread added: 0x000001ac41c983e0
Event: 113.361 Thread 0x000001ac7e6376d0 Thread added: 0x000001ac41c98a70
Event: 113.416 Thread 0x000001ac4a8b0ef0 Thread exited: 0x000001ac4a8b0ef0
Event: 113.583 Thread 0x000001ac7e6376d0 Thread added: 0x000001ac41c99e20
Event: 113.624 Thread 0x000001ac7e6376d0 Thread added: 0x000001ac41c9bef0
Event: 113.680 Thread 0x000001ac7e6376d0 Thread added: 0x000001ac41c9c580
Event: 114.280 Thread 0x000001ac7e6376d0 Thread added: 0x000001ac41c99100
Event: 114.283 Thread 0x000001ac41c99100 Thread added: 0x000001ac41c9d930
Event: 114.460 Thread 0x000001ac41c99100 Thread added: 0x000001ac41c9fa00
Event: 114.545 Thread 0x000001ac41c99100 Thread added: 0x000001ac41c9d2a0
Event: 114.578 Thread 0x000001ac41c99100 Thread added: 0x000001ac41c9dfc0
Event: 114.587 Thread 0x000001ac7c973c00 Thread added: 0x000001ac4a8af3b0


Dynamic libraries:
0x00007ff751be0000 - 0x00007ff751bee000 	C:\java-21-openjdk-21.0.4.0.7-1.win.jdk.x86_64\bin\java.exe
0x00007ffff3160000 - 0x00007ffff33c6000 	C:\WINDOWS\SYSTEM32\ntdll.dll
0x00007ffff1890000 - 0x00007ffff1959000 	C:\WINDOWS\System32\KERNEL32.DLL
0x00007ffff06a0000 - 0x00007ffff0a9a000 	C:\WINDOWS\System32\KERNELBASE.dll
0x00007ffff0b90000 - 0x00007ffff0cdc000 	C:\WINDOWS\System32\ucrtbase.dll
0x00007fffac750000 - 0x00007fffac76b000 	C:\java-21-openjdk-21.0.4.0.7-1.win.jdk.x86_64\bin\VCRUNTIME140.dll
0x00007fffbb6a0000 - 0x00007fffbb6b8000 	C:\java-21-openjdk-21.0.4.0.7-1.win.jdk.x86_64\bin\jli.dll
0x00007ffff16b0000 - 0x00007ffff1877000 	C:\WINDOWS\System32\USER32.dll
0x00007ffff0b60000 - 0x00007ffff0b87000 	C:\WINDOWS\System32\win32u.dll
0x00007ffff1680000 - 0x00007ffff16ab000 	C:\WINDOWS\System32\GDI32.dll
0x00007ffff0570000 - 0x00007ffff069b000 	C:\WINDOWS\System32\gdi32full.dll
0x00007ffff0ce0000 - 0x00007ffff0d83000 	C:\WINDOWS\System32\msvcp_win.dll
0x00007fffd29f0000 - 0x00007fffd2c82000 	C:\WINDOWS\WinSxS\amd64_microsoft.windows.common-controls_6595b64144ccf1df_6.0.26100.8521_none_3e08b75ce33403b3\COMCTL32.dll
0x00007ffff1010000 - 0x00007ffff10b9000 	C:\WINDOWS\System32\msvcrt.dll
0x00007ffff1500000 - 0x00007ffff1532000 	C:\WINDOWS\System32\IMM32.DLL
0x00007fffc0100000 - 0x00007fffc01f2000 	C:\Program Files\Windhawk\Engine\1.7.3\64\windhawk.dll
0x00007ffff1180000 - 0x00007ffff1236000 	C:\WINDOWS\System32\ADVAPI32.dll
0x00007ffff28d0000 - 0x00007ffff297a000 	C:\WINDOWS\System32\sechost.dll
0x00007ffff13e0000 - 0x00007ffff14f8000 	C:\WINDOWS\System32\RPCRT4.dll
0x00007fffd0640000 - 0x00007fffd064c000 	C:\java-21-openjdk-21.0.4.0.7-1.win.jdk.x86_64\bin\vcruntime140_1.dll
0x00007fff750a0000 - 0x00007fff7512e000 	C:\java-21-openjdk-21.0.4.0.7-1.win.jdk.x86_64\bin\msvcp140.dll
0x00007fff3c910000 - 0x00007fff3d698000 	C:\java-21-openjdk-21.0.4.0.7-1.win.jdk.x86_64\bin\server\jvm.dll
0x00007ffff20b0000 - 0x00007ffff2130000 	C:\WINDOWS\System32\WS2_32.dll
0x00007fffdf480000 - 0x00007fffdf48b000 	C:\WINDOWS\SYSTEM32\VERSION.dll
0x00007fffd26e0000 - 0x00007fffd2716000 	C:\WINDOWS\SYSTEM32\WINMM.dll
0x00007ffff0250000 - 0x00007ffff02ae000 	C:\WINDOWS\SYSTEM32\POWRPROF.dll
0x00007ffff0230000 - 0x00007ffff0244000 	C:\WINDOWS\SYSTEM32\UMPDC.dll
0x00007fffef140000 - 0x00007fffef15b000 	C:\WINDOWS\SYSTEM32\kernel.appcore.dll
0x00007fffcd7c0000 - 0x00007fffcd7ca000 	C:\java-21-openjdk-21.0.4.0.7-1.win.jdk.x86_64\bin\jimage.dll
0x00007fffed110000 - 0x00007fffed352000 	C:\WINDOWS\SYSTEM32\DBGHELP.DLL
0x00007ffff1c20000 - 0x00007ffff1fa3000 	C:\WINDOWS\System32\combase.dll
0x00007ffff0ed0000 - 0x00007ffff0fa9000 	C:\WINDOWS\System32\OLEAUT32.dll
0x00007fffa7f90000 - 0x00007fffa7fcb000 	C:\WINDOWS\SYSTEM32\dbgcore.DLL
0x00007ffff0d90000 - 0x00007ffff0e38000 	C:\WINDOWS\System32\bcryptPrimitives.dll
0x00007fffbd980000 - 0x00007fffbd98f000 	C:\java-21-openjdk-21.0.4.0.7-1.win.jdk.x86_64\bin\instrument.dll
0x00007fffaa070000 - 0x00007fffaa08f000 	C:\java-21-openjdk-21.0.4.0.7-1.win.jdk.x86_64\bin\java.dll
0x00007ffff2140000 - 0x00007ffff28c4000 	C:\WINDOWS\System32\SHELL32.dll
0x00007fffedf70000 - 0x00007fffee7f0000 	C:\WINDOWS\SYSTEM32\windows.storage.dll
0x00007ffff2b80000 - 0x00007ffff2c76000 	C:\WINDOWS\System32\SHCORE.dll
0x00007ffff1540000 - 0x00007ffff15a7000 	C:\WINDOWS\System32\shlwapi.dll
0x00007ffff0310000 - 0x00007ffff0339000 	C:\WINDOWS\SYSTEM32\profapi.dll
0x00007fff6fd80000 - 0x00007fff6fe57000 	C:\java-21-openjdk-21.0.4.0.7-1.win.jdk.x86_64\bin\jsvml.dll
0x00007fffa8bc0000 - 0x00007fffa8bd8000 	C:\java-21-openjdk-21.0.4.0.7-1.win.jdk.x86_64\bin\zip.dll
0x00007fffbd340000 - 0x00007fffbd350000 	C:\java-21-openjdk-21.0.4.0.7-1.win.jdk.x86_64\bin\net.dll
0x00007fffe5af0000 - 0x00007fffe5c19000 	C:\WINDOWS\SYSTEM32\WINHTTP.dll
0x00007fffef690000 - 0x00007fffef6fc000 	C:\WINDOWS\system32\mswsock.dll
0x00007fffa7f70000 - 0x00007fffa7f86000 	C:\java-21-openjdk-21.0.4.0.7-1.win.jdk.x86_64\bin\nio.dll
0x00007fffbccc0000 - 0x00007fffbccd0000 	C:\java-21-openjdk-21.0.4.0.7-1.win.jdk.x86_64\bin\verify.dll
0x00007fffbb4e0000 - 0x00007fffbb507000 	C:\Users\koder\.gradle\native\1def1411415f61bf3af743bc5b6707747c0891f09f0c88961ee8f79bc544acac\windows-amd64\native-platform.dll
0x00007fff9b3c0000 - 0x00007fff9b438000 	C:\Users\koder\.gradle\native\0.2.7\x86_64-windows-gnu\gradle-fileevents.dll
0x00007fffbb860000 - 0x00007fffbb86a000 	C:\java-21-openjdk-21.0.4.0.7-1.win.jdk.x86_64\bin\management.dll
0x00007fffbb850000 - 0x00007fffbb85b000 	C:\java-21-openjdk-21.0.4.0.7-1.win.jdk.x86_64\bin\management_ext.dll
0x00007ffff1880000 - 0x00007ffff1888000 	C:\WINDOWS\System32\PSAPI.DLL
0x00007fffeeb70000 - 0x00007fffeeba3000 	C:\WINDOWS\SYSTEM32\IPHLPAPI.DLL
0x00007ffff1c10000 - 0x00007ffff1c1a000 	C:\WINDOWS\System32\NSI.dll
0x00007fffbb840000 - 0x00007fffbb849000 	C:\java-21-openjdk-21.0.4.0.7-1.win.jdk.x86_64\bin\extnet.dll
0x00007fffefa90000 - 0x00007fffefaab000 	C:\WINDOWS\SYSTEM32\CRYPTSP.dll
0x00007fffef0a0000 - 0x00007fffef0d9000 	C:\WINDOWS\system32\rsaenh.dll
0x00007fffef740000 - 0x00007fffef773000 	C:\WINDOWS\SYSTEM32\USERENV.dll
0x00007ffff02e0000 - 0x00007ffff030a000 	C:\WINDOWS\SYSTEM32\bcrypt.dll
0x00007fffef8f0000 - 0x00007fffef8fc000 	C:\WINDOWS\SYSTEM32\CRYPTBASE.dll
0x00007fffbb830000 - 0x00007fffbb83e000 	C:\java-21-openjdk-21.0.4.0.7-1.win.jdk.x86_64\bin\sunmscapi.dll
0x00007ffff03f0000 - 0x00007ffff0568000 	C:\WINDOWS\System32\CRYPT32.dll
0x00007fffefbf0000 - 0x00007fffefc20000 	C:\WINDOWS\SYSTEM32\ncrypt.dll
0x00007fffefba0000 - 0x00007fffefbdf000 	C:\WINDOWS\SYSTEM32\NTASN1.dll
0x00007fffbc710000 - 0x00007fffbc718000 	C:\WINDOWS\system32\wshunix.dll
0x00007fffd3550000 - 0x00007fffd3568000 	C:\WINDOWS\system32\napinsp.dll
0x00007fffeec10000 - 0x00007fffeed5a000 	C:\WINDOWS\SYSTEM32\DNSAPI.dll
0x00007fffef4b0000 - 0x00007fffef4bd000 	C:\WINDOWS\SYSTEM32\DSPARSE.dll
0x00007fffbf1b0000 - 0x00007fffbf1c3000 	C:\WINDOWS\System32\winrnr.dll
0x00007fffbdb40000 - 0x00007fffbdb62000 	C:\WINDOWS\system32\nlansp_c.dll
0x00007fffdea10000 - 0x00007fffdea26000 	C:\WINDOWS\system32\wshbth.dll
0x00007fffe5c80000 - 0x00007fffe5c8b000 	C:\Windows\System32\rasadhlp.dll
0x00007fffe66a0000 - 0x00007fffe6726000 	C:\WINDOWS\System32\fwpuclnt.dll
0x00007fffef260000 - 0x00007fffef296000 	C:\WINDOWS\SYSTEM32\ntmarta.dll

dbghelp: loaded successfully - version: 4.0.5 - missing functions: none
symbol engine: initialized successfully - sym options: 0x614 - pdb path: .;C:\java-21-openjdk-21.0.4.0.7-1.win.jdk.x86_64\bin;C:\WINDOWS\SYSTEM32;C:\WINDOWS\WinSxS\amd64_microsoft.windows.common-controls_6595b64144ccf1df_6.0.26100.8521_none_3e08b75ce33403b3;C:\Program Files\Windhawk\Engine\1.7.3\64;C:\java-21-openjdk-21.0.4.0.7-1.win.jdk.x86_64\bin\server;C:\Users\koder\.gradle\native\1def1411415f61bf3af743bc5b6707747c0891f09f0c88961ee8f79bc544acac\windows-amd64;C:\Users\koder\.gradle\native\0.2.7\x86_64-windows-gnu

VM Arguments:
jvm_args: --add-opens=java.base/java.lang=ALL-UNNAMED --add-opens=java.base/java.lang.invoke=ALL-UNNAMED --add-opens=java.base/java.util=ALL-UNNAMED --add-opens=java.prefs/java.util.prefs=ALL-UNNAMED --add-exports=jdk.compiler/com.sun.tools.javac.api=ALL-UNNAMED --add-exports=jdk.compiler/com.sun.tools.javac.util=ALL-UNNAMED --add-opens=java.base/java.util=ALL-UNNAMED --add-opens=java.prefs/java.util.prefs=ALL-UNNAMED --add-opens=java.base/java.nio.charset=ALL-UNNAMED --add-opens=java.base/java.net=ALL-UNNAMED --add-opens=java.base/java.util.concurrent.atomic=ALL-UNNAMED --add-opens=java.xml/javax.xml.namespace=ALL-UNNAMED -XX:MaxMetaspaceSize=512m -XX:ReservedCodeCacheSize=512m -XX:+HeapDumpOnOutOfMemoryError -XX:HeapBaseMinAddress=0x100000000 -Xmx1024m -Dfile.encoding=UTF-8 -Duser.country=US -Duser.language=en -Duser.variant -javaagent:C:\Users\koder\.gradle\wrapper\dists\gradle-8.14-all\c2qonpi39x1mddn7hk5gh9iqj\gradle-8.14\lib\agents\gradle-instrumentation-agent-8.14.jar 
java_command: org.gradle.launcher.daemon.bootstrap.GradleDaemon 8.14
java_class_path (initial): C:\Users\koder\.gradle\wrapper\dists\gradle-8.14-all\c2qonpi39x1mddn7hk5gh9iqj\gradle-8.14\lib\gradle-daemon-main-8.14.jar
Launcher Type: SUN_STANDARD

[Global flags]
     intx CICompilerCount                          = 4                                         {product} {ergonomic}
   size_t CompressedClassSpaceSize                 = 436207616                                 {product} {ergonomic}
     uint ConcGCThreads                            = 2                                         {product} {ergonomic}
     uint G1ConcRefinementThreads                  = 8                                         {product} {ergonomic}
   size_t G1HeapRegionSize                         = 1048576                                   {product} {ergonomic}
    uintx GCDrainStackTargetSize                   = 64                                        {product} {ergonomic}
   size_t HeapBaseMinAddress                       = 4294967296                             {pd product} {command line}
     bool HeapDumpOnOutOfMemoryError               = true                                   {manageable} {command line}
   size_t InitialHeapSize                          = 266338304                                 {product} {ergonomic}
   size_t MarkStackSize                            = 4194304                                   {product} {ergonomic}
   size_t MaxHeapSize                              = 1073741824                                {product} {command line}
   size_t MaxMetaspaceSize                         = 536870912                                 {product} {command line}
   size_t MaxNewSize                               = 643825664                                 {product} {ergonomic}
   size_t MinHeapDeltaBytes                        = 1048576                                   {product} {ergonomic}
   size_t MinHeapSize                              = 8388608                                   {product} {ergonomic}
    uintx NonNMethodCodeHeapSize                   = 5839372                                {pd product} {ergonomic}
    uintx NonProfiledCodeHeapSize                  = 265515770                              {pd product} {ergonomic}
    uintx ProfiledCodeHeapSize                     = 265515770                              {pd product} {ergonomic}
    uintx ReservedCodeCacheSize                    = 536870912                              {pd product} {command line}
     bool SegmentedCodeCache                       = true                                      {product} {ergonomic}
   size_t SoftMaxHeapSize                          = 1073741824                             {manageable} {ergonomic}
     bool UseCompressedOops                        = true                           {product lp64_product} {ergonomic}
     bool UseG1GC                                  = true                                      {product} {ergonomic}
     bool UseLargePagesIndividualAllocation        = false                                  {pd product} {ergonomic}

Logging:
Log output configuration:
 #0: stdout all=warning uptime,level,tags foldmultilines=false
 #1: stderr all=off uptime,level,tags foldmultilines=false

Environment Variables:
JAVA_HOME=C:\java-21-openjdk-21.0.4.0.7-1.win.jdk.x86_64
PATH=C:\Program Files (x86)\Common Files\Intel\Shared Libraries\redist\intel64\compiler;C:\WINDOWS\system32;C:\WINDOWS;C:\WINDOWS\System32\Wbem;C:\WINDOWS\System32\WindowsPowerShell\v1.0\;C:\WINDOWS\System32\OpenSSH\;C:\Program Files\Microsoft SQL Server\Client SDK\ODBC\110\Tools\Binn\;C:\Program Files (x86)\Microsoft SQL Server\120\Tools\Binn\;C:\Program Files\Microsoft SQL Server\120\Tools\Binn\;C:\Program Files\Microsoft SQL Server\120\DTS\Binn\;C:\Program Files (x86)\Windows Kits\8.1\Windows Performance Toolkit\;C:\Program Files\dotnet\;C:\Users\koder\AppData\Roaming\nvm;C:\Program Files\nodejs;C:\Program Files\nodejs\;C:\Program Files\Git\cmd;C:\Users\koder\.amp\bin;C:\Users\koder\AppData\Local\gradle\gradle-8.4\bin;C:\Users\koder\AppData\Local\gradle\gradle-8.4\bin;C:\Users\koder\AppData\Local\gradle\gradle-8.4\bin;C:\Users\koder\scoop\shims;C:\Users\koder\AppData\Local\Microsoft\WindowsApps;C:\Users\koder\AppData\Local\Programs\Microsoft VS Code\bin;C:\Users\koder\AppData\Local\Programs\MiKTeX\miktex\bin\x64\;C:\Users\koder\AppData\Roaming\nvm;C:\Program Files\nodejs;C:\Users\koder\AppData\Local\Microsoft\WinGet\Links;C:\Users\koder\AppData\Roaming\npm;C:\Users\koder\AppData\Local\Python\bin;C:\flutter\bin;C:\Program Files\PostgreSQL\18\bin;C:\java-21-openjdk-21.0.4.0.7-1.win.jdk.x86_64\bin;C:\Users\koder\AppData\Local\gradle\gradle-8.4\bin;bin
USERNAME=kodero
OS=Windows_NT
PROCESSOR_IDENTIFIER=Intel64 Family 6 Model 142 Stepping 12, GenuineIntel
TMP=C:\Users\koder\AppData\Local\Temp
TEMP=C:\Users\koder\AppData\Local\Temp




Periodic native trim disabled

---------------  S Y S T E M  ---------------

OS:
 Windows 11 , 64 bit Build 26100 (10.0.26100.8521)
OS uptime: 9 days 11:34 hours
Hyper-V role detected

CPU: total 8 (initial active 8) (4 cores per cpu, 2 threads per core) family 6 model 142 stepping 12 microcode 0x100, cx8, cmov, fxsr, ht, mmx, 3dnowpref, sse, sse2, sse3, ssse3, sse4.1, sse4.2, popcnt, lzcnt, tsc, tscinvbit, avx, avx2, aes, erms, clmul, bmi1, bmi2, adx, fma, vzeroupper, clflush, clflushopt, hv, rdtscp, f16c
Processor Information for all 8 processors :
  Max Mhz: 1896, Current Mhz: 1596, Mhz Limit: 1592

Memory: 4k page, system-wide physical 16198M (1614M free)
TotalPageFile size 24777M (AvailPageFile size 4M)
current process WorkingSet (physical memory assigned to process): 802M, peak: 802M
current process commit charge ("private bytes"): 842M, peak: 867M

vm_info: OpenJDK 64-Bit Server VM (21.0.4+7-LTS) for windows-amd64 JRE (21.0.4+7-LTS), built on 2024-07-16T00:00:00Z by "admin" with MS VC++ 17.7 (VS2022)

END.
